2017-09-01T13:20:12Z,22839296,226754560,54992896,61489152,2046267392,MRBTS-101056,testline,964062,http://dev3.scout.wro.nsn-rdnet.net/api/v1/system_memory_usages/2146/?format=csv
2017-09-01T13:35:12Z,23273472,226766848,55005184,61915136,2050265088,MRBTS-101056,testline,964962,http://dev3.scout.wro.nsn-rdnet.net/api/v1/system_memory_usages/2147/?format=csv
2017-09-01T13:50:12Z,23715840,226770944,55197696,62050304,2049789952,MRBTS-101056,testline,965862,http://dev3.scout.wro.nsn-rdnet.net/api/v1/system_memory_usages/2149/?format=csv
2017-09-01T14:05:12Z,24150016,226783232,55254016,62099456,2051690496,MRBTS-101056,testline,966762,http://dev3.scout.wro.nsn-rdnet.net/api/v1/system_memory_usages/2152/?format=csv
2017-09-01T14:20:12Z,24592384,226799616,55411712,61976576,2051411968,MRBTS-101056,testline,967662,http://dev3.scout.wro.nsn-rdnet.net/api/v1/system_memory_usages/2155/?format=csv
2017-09-01T14:35:12Z,25083904,226803712,55005184,61743104,2051158016,MRBTS-101056,testline,968562,http://dev3.scout.wro.nsn-rdnet.net/api/v1/system_memory_usages/2158/?format=csv
2017-09-01T14:50:12Z,25530368,226816000,55100416,61669376,2052595712,MRBTS-101056,testline,969462,http://dev3.scout.wro.nsn-rdnet.net/api/v1/system_memory_usages/2161/?format=csv
2017-09-01T15:05:12Z,22962176,226828288,55256064,61169664,2049642496,MRBTS-101056,testline,970362,http://dev3.scout.wro.nsn-rdnet.net/api/v1/system_memory_usages/2165/?format=csv
2017-09-01T15:20:12Z,23404544,226836480,55246848,61329408,2049081344,MRBTS-101056,testline,971262,http://dev3.scout.wro.nsn-rdnet.net/api/v1/system_memory_usages/2168/?format=csv
2017-09-01T15:35:12Z,23851008,226844672,55268352,61018112,2048675840,MRBTS-101056,testline,972162,http://dev3.scout.wro.nsn-rdnet.net/api/v1/system_memory_usages/2171/?format=csv
2017-09-01T15:50:12Z,24367104,226848768,55378944,60776448,2050596864,MRBTS-101056,testline,973062,http://dev3.scout.wro.nsn-rdnet.net/api/v1/system_memory_usages/2173/?format=csv
2017-09-01T16:05:12Z,24768512,226861056,55597056,61693952,2052108288,MRBTS-101056,testline,973962,http://dev3.scout.wro.nsn-rdnet.net/api/v1/system_memory_usages/2175/?format=csv
2017-09-01T16:20:12Z,25276416,226820096,55693312,61538304,2052521984,MRBTS-101056,testline,974862,http://dev3.scout.wro.nsn-rdnet.net/api/v1/system_memory_usages/2178/?format=csv
2017-09-01T16:35:12Z,22736896,226828288,55555072,61820928,2053124096,MRBTS-101056,testline,975762,http://dev3.scout.wro.nsn-rdnet.net/api/v1/system_memory_usages/2182/?format=csv
2017-09-01T16:50:12Z,23236608,226836480,55836672,61325312,2051497984,MRBTS-101056,testline,976662,http://dev3.scout.wro.nsn-rdnet.net/api/v1/system_memory_usages/2185/?format=csv
2017-09-01T17:05:12Z,23646208,226848768,55905280,61763584,2051854336,MRBTS-101056,testline,977562,http://dev3.scout.wro.nsn-rdnet.net/api/v1/system_memory_usages/2188/?format=csv
2017-09-01T17:20:12Z,24109056,226861056,55785472,62009344,2053746688,MRBTS-101056,testline,978462,http://dev3.scout.wro.nsn-rdnet.net/api/v1/system_memory_usages/2191/?format=csv
2017-09-01T17:35:12Z,24621056,226869248,55636992,61440000,2053349376,MRBTS-101056,testline,979362,http://dev3.scout.wro.nsn-rdnet.net/api/v1/system_memory_usages/2194/?format=csv
2017-09-01T17:50:12Z,25071616,226885632,55711744,61706240,2053758976,MRBTS-101056,testline,980262,http://dev3.scout.wro.nsn-rdnet.net/api/v1/system_memory_usages/2198/?format=csv
2017-09-01T18:05:12Z,25534464,226889728,55885824,60665856,2052952064,MRBTS-101056,testline,981162,http://dev3.scout.wro.nsn-rdnet.net/api/v1/system_memory_usages/2201/?format=csv
2017-09-01T18:20:12Z,22990848,226902016,56054784,61177856,2049249280,MRBTS-101056,testline,982062,http://dev3.scout.wro.nsn-rdnet.net/api/v1/system_memory_usages/2203/?format=csv
2017-09-01T18:35:12Z,23490560,226914304,56035328,61698048,2051624960,MRBTS-101056,testline,982962,http://dev3.scout.wro.nsn-rdnet.net/api/v1/system_memory_usages/2206/?format=csv
2017-09-01T18:50:12Z,23953408,226914304,56161280,61231104,2051694592,MRBTS-101056,testline,983862,http://dev3.scout.wro.nsn-rdnet.net/api/v1/system_memory_usages/2210/?format=csv
2017-09-01T19:05:12Z,24371200,226926592,56271872,61042688,2052599808,MRBTS-101056,testline,984762,http://dev3.scout.wro.nsn-rdnet.net/api/v1/system_memory_usages/2212/?format=csv
2017-09-01T19:20:12Z,24883200,226934784,56414208,61001728,2053660672,MRBTS-101056,testline,985662,http://dev3.scout.wro.nsn-rdnet.net/api/v1/system_memory_usages/2215/?format=csv
2017-09-01T19:35:12Z,25337856,226947072,56573952,61145088,2053877760,MRBTS-101056,testline,986562,http://dev3.scout.wro.nsn-rdnet.net/api/v1/system_memory_usages/2219/?format=csv
2017-09-01T19:50:12Z,22851584,226906112,56505344,61677568,2051964928,MRBTS-101056,testline,987462,http://dev3.scout.wro.nsn-rdnet.net/api/v1/system_memory_usages/2222/?format=csv
2017-09-01T20:05:12Z,23257088,226918400,56551424,60674048,2051117056,MRBTS-101056,testline,988362,http://dev3.scout.wro.nsn-rdnet.net/api/v1/system_memory_usages/2225/?format=csv
2017-09-01T20:20:12Z,23769088,226922496,56429568,61210624,2053857280,MRBTS-101056,testline,989262,http://dev3.scout.wro.nsn-rdnet.net/api/v1/system_memory_usages/2227/?format=csv
2017-09-01T20:35:12Z,24219648,226930688,53464064,61911040,2054885376,MRBTS-101056,testline,990162,http://dev3.scout.wro.nsn-rdnet.net/api/v1/system_memory_usages/2231/?format=csv
2017-09-01T20:50:12Z,24727552,226947072,53669888,61366272,2055069696,MRBTS-101056,testline,991062,http://dev3.scout.wro.nsn-rdnet.net/api/v1/system_memory_usages/2232/?format=csv
2017-09-01T21:05:12Z,25141248,226951168,53901312,61403136,2054844416,MRBTS-101056,testline,991962,http://dev3.scout.wro.nsn-rdnet.net/api/v1/system_memory_usages/2235/?format=csv
2017-09-01T21:20:12Z,25608192,226967552,53813248,61427712,2055507968,MRBTS-101056,testline,992862,http://dev3.scout.wro.nsn-rdnet.net/api/v1/system_memory_usages/2238/?format=csv
2017-09-01T21:35:12Z,23105536,226971648,53708800,61120512,2054221824,MRBTS-101056,testline,993762,http://dev3.scout.wro.nsn-rdnet.net/api/v1/system_memory_usages/2242/?format=csv
2017-09-01T21:50:12Z,23564288,226983936,53861376,61218816,2054889472,MRBTS-101056,testline,994662,http://dev3.scout.wro.nsn-rdnet.net/api/v1/system_memory_usages/2244/?format=csv
2017-09-01T22:05:12Z,24031232,227000320,54005760,61505536,2056450048,MRBTS-101056,testline,995562,http://dev3.scout.wro.nsn-rdnet.net/api/v1/system_memory_usages/2247/?format=csv
2017-09-01T22:20:12Z,24489984,227004416,54109184,61599744,2057396224,MRBTS-101056,testline,996462,http://dev3.scout.wro.nsn-rdnet.net/api/v1/system_memory_usages/2251/?format=csv
2017-09-01T22:35:12Z,24997888,227016704,54131712,61636608,2057646080,MRBTS-101056,testline,997362,http://dev3.scout.wro.nsn-rdnet.net/api/v1/system_memory_usages/2255/?format=csv
2017-09-01T22:50:12Z,25456640,227024896,54412288,61476864,2060054528,MRBTS-101056,testline,998262,http://dev3.scout.wro.nsn-rdnet.net/api/v1/system_memory_usages/2258/?format=csv
2017-09-01T23:05:12Z,22876160,226983936,54343680,61140992,2055409664,MRBTS-101056,testline,999162,http://dev3.scout.wro.nsn-rdnet.net/api/v1/system_memory_usages/2261/?format=csv
2017-09-01T23:20:12Z,23375872,226988032,54140928,60903424,2056531968,MRBTS-101056,testline,1000062,http://dev3.scout.wro.nsn-rdnet.net/api/v1/system_memory_usages/2262/?format=csv
2017-09-01T23:35:12Z,23842816,226996224,54197248,61546496,2056298496,MRBTS-101056,testline,1000962,http://dev3.scout.wro.nsn-rdnet.net/api/v1/system_memory_usages/2265/?format=csv
2017-09-01T23:50:12Z,24354816,227004416,54232064,61358080,2057777152,MRBTS-101056,testline,1001862,http://dev3.scout.wro.nsn-rdnet.net/api/v1/system_memory_usages/2269/?format=csv
2017-09-02T00:05:12Z,24768512,226430976,54469632,61685760,2059411456,MRBTS-101056,testline,1002762,http://dev3.scout.wro.nsn-rdnet.net/api/v1/system_memory_usages/2272/?format=csv
2017-09-02T00:20:12Z,25268224,226443264,54544384,61509632,2060959744,MRBTS-101056,testline,1003662,http://dev3.scout.wro.nsn-rdnet.net/api/v1/system_memory_usages/2274/?format=csv
2017-09-02T00:35:12Z,25731072,226451456,54638592,61206528,2060611584,MRBTS-101056,testline,1004562,http://dev3.scout.wro.nsn-rdnet.net/api/v1/system_memory_usages/2277/?format=csv
2017-09-02T00:50:12Z,23191552,226463744,54865920,61452288,2058289152,MRBTS-101056,testline,1005462,http://dev3.scout.wro.nsn-rdnet.net/api/v1/system_memory_usages/2281/?format=csv
2017-09-02T01:05:12Z,23646208,226476032,54789120,61849600,2060386304,MRBTS-101056,testline,1006362,http://dev3.scout.wro.nsn-rdnet.net/api/v1/system_memory_usages/2285/?format=csv
2017-09-02T01:20:12Z,24104960,226484224,55050240,61710336,2062004224,MRBTS-101056,testline,1007262,http://dev3.scout.wro.nsn-rdnet.net/api/v1/system_memory_usages/2288/?format=csv
2017-09-02T01:35:12Z,24616960,226496512,54990848,61984768,2061869056,MRBTS-101056,testline,1008162,http://dev3.scout.wro.nsn-rdnet.net/api/v1/system_memory_usages/2291/?format=csv
2017-09-02T01:50:12Z,25092096,226504704,55042048,61743104,2063556608,MRBTS-101056,testline,1009062,http://dev3.scout.wro.nsn-rdnet.net/api/v1/system_memory_usages/2292/?format=csv
2017-09-02T02:05:12Z,25550848,226508800,54921216,62246912,2064977920,MRBTS-101056,testline,1009962,http://dev3.scout.wro.nsn-rdnet.net/api/v1/system_memory_usages/2295/?format=csv
2017-09-02T02:20:12Z,23015424,226525184,55024640,61411328,2059161600,MRBTS-101056,testline,1010862,http://dev3.scout.wro.nsn-rdnet.net/api/v1/system_memory_usages/2299/?format=csv
2017-09-02T02:35:12Z,23527424,226488320,54844416,61915136,2061946880,MRBTS-101056,testline,1011762,http://dev3.scout.wro.nsn-rdnet.net/api/v1/system_memory_usages/2303/?format=csv
2017-09-02T02:50:12Z,23990272,226492416,54673408,61906944,2062794752,MRBTS-101056,testline,1012662,http://dev3.scout.wro.nsn-rdnet.net/api/v1/system_memory_usages/2305/?format=csv
2017-09-02T03:05:12Z,24387584,226504704,54922240,62173184,2064232448,MRBTS-101056,testline,1013562,http://dev3.scout.wro.nsn-rdnet.net/api/v1/system_memory_usages/2308/?format=csv
2017-09-02T03:20:12Z,24907776,226512896,55098368,62140416,2064576512,MRBTS-101056,testline,1014462,http://dev3.scout.wro.nsn-rdnet.net/api/v1/system_memory_usages/2312/?format=csv
2017-09-02T03:35:12Z,25370624,226521088,55001088,61734912,2064297984,MRBTS-101056,testline,1015362,http://dev3.scout.wro.nsn-rdnet.net/api/v1/system_memory_usages/2315/?format=csv
2017-09-02T03:50:12Z,25870336,226533376,55187456,61546496,2066010112,MRBTS-101056,testline,1016262,http://dev3.scout.wro.nsn-rdnet.net/api/v1/system_memory_usages/2318/?format=csv
2017-09-02T04:05:12Z,23277568,226545664,55281664,62246912,2063204352,MRBTS-101056,testline,1017162,http://dev3.scout.wro.nsn-rdnet.net/api/v1/system_memory_usages/2321/?format=csv
2017-09-02T04:20:12Z,23793664,226553856,55528448,61566976,2063048704,MRBTS-101056,testline,1018062,http://dev3.scout.wro.nsn-rdnet.net/api/v1/system_memory_usages/2323/?format=csv
2017-09-02T04:35:12Z,24256512,226562048,55568384,62111744,2064142336,MRBTS-101056,testline,1018962,http://dev3.scout.wro.nsn-rdnet.net/api/v1/system_memory_usages/2325/?format=csv
2017-09-02T04:50:12Z,24707072,226582528,55704576,62218240,2062393344,MRBTS-101056,testline,1019862,http://dev3.scout.wro.nsn-rdnet.net/api/v1/system_memory_usages/2328/?format=csv
2017-09-02T05:05:12Z,25169920,226586624,55512064,62586880,2068721664,MRBTS-101056,testline,1020762,http://dev3.scout.wro.nsn-rdnet.net/api/v1/system_memory_usages/2331/?format=csv
2017-09-02T05:20:12Z,25636864,226598912,55701504,62865408,2067959808,MRBTS-101056,testline,1021662,http://dev3.scout.wro.nsn-rdnet.net/api/v1/system_memory_usages/2335/?format=csv
2017-09-02T05:35:12Z,23158784,226603008,55491584,62365696,2066391040,MRBTS-101056,testline,1022562,http://dev3.scout.wro.nsn-rdnet.net/api/v1/system_memory_usages/2338/?format=csv
2017-09-02T05:50:12Z,23605248,226611200,55559168,62029824,2065268736,MRBTS-101056,testline,1023462,http://dev3.scout.wro.nsn-rdnet.net/api/v1/system_memory_usages/2341/?format=csv
2017-09-02T06:05:12Z,24064000,226570240,55768064,61906944,2068492288,MRBTS-101056,testline,1024362,http://dev3.scout.wro.nsn-rdnet.net/api/v1/system_memory_usages/2343/?format=csv
2017-09-02T06:20:12Z,24530944,226578432,55835648,62189568,2068467712,MRBTS-101056,testline,1025262,http://dev3.scout.wro.nsn-rdnet.net/api/v1/system_memory_usages/2347/?format=csv
2017-09-02T06:35:12Z,24993792,226586624,55882752,61992960,2068553728,MRBTS-101056,testline,1026162,http://dev3.scout.wro.nsn-rdnet.net/api/v1/system_memory_usages/2350/?format=csv
2017-09-02T06:50:12Z,25489408,226594816,55948288,61739008,2070056960,MRBTS-101056,testline,1027062,http://dev3.scout.wro.nsn-rdnet.net/api/v1/system_memory_usages/2353/?format=csv
2017-09-02T07:05:12Z,22904832,226607104,55865344,61947904,2068762624,MRBTS-101056,testline,1027962,http://dev3.scout.wro.nsn-rdnet.net/api/v1/system_memory_usages/2356/?format=csv
2017-09-02T07:20:12Z,23420928,226619392,56029184,61939712,2066845696,MRBTS-101056,testline,1028862,http://dev3.scout.wro.nsn-rdnet.net/api/v1/system_memory_usages/2359/?format=csv
2017-09-02T07:35:12Z,23875584,226631680,56183808,61800448,2067759104,MRBTS-101056,testline,1029762,http://dev3.scout.wro.nsn-rdnet.net/api/v1/system_memory_usages/2363/?format=csv
2017-09-02T07:50:12Z,24387584,226639872,56003584,62341120,2068459520,MRBTS-101056,testline,1030662,http://dev3.scout.wro.nsn-rdnet.net/api/v1/system_memory_usages/2366/?format=csv
2017-09-02T08:05:12Z,24797184,226648064,56258560,62611456,2070376448,MRBTS-101056,testline,1031562,http://dev3.scout.wro.nsn-rdnet.net/api/v1/system_memory_usages/2368/?format=csv
2017-09-02T08:20:12Z,25309184,226664448,56331264,62431232,2070855680,MRBTS-101056,testline,1032462,http://dev3.scout.wro.nsn-rdnet.net/api/v1/system_memory_usages/2372/?format=csv
2017-09-02T08:35:12Z,25767936,226668544,56082432,62427136,2070138880,MRBTS-101056,testline,1033362,http://dev3.scout.wro.nsn-rdnet.net/api/v1/system_memory_usages/2375/?format=csv
2017-09-02T08:50:12Z,23224320,226680832,56296448,61743104,2070413312,MRBTS-101056,testline,1034262,http://dev3.scout.wro.nsn-rdnet.net/api/v1/system_memory_usages/2378/?format=csv
2017-09-02T09:05:12Z,23695360,226689024,56477696,62496768,2070978560,MRBTS-101056,testline,1035162,http://dev3.scout.wro.nsn-rdnet.net/api/v1/system_memory_usages/2381/?format=csv
2017-09-02T09:20:12Z,24150016,226693120,56646656,62164992,2071617536,MRBTS-101056,testline,1036062,http://dev3.scout.wro.nsn-rdnet.net/api/v1/system_memory_usages/2382/?format=csv
2017-09-02T09:35:12Z,24657920,226656256,56298496,61894656,2071773184,MRBTS-101056,testline,1036962,http://dev3.scout.wro.nsn-rdnet.net/api/v1/system_memory_usages/2385/?format=csv
2017-09-02T09:50:12Z,25124864,226672640,56378368,61919232,2072285184,MRBTS-101056,testline,1037862,http://dev3.scout.wro.nsn-rdnet.net/api/v1/system_memory_usages/2388/?format=csv
2017-09-02T10:05:12Z,25587712,226680832,56315904,61751296,2071203840,MRBTS-101056,testline,1038762,http://dev3.scout.wro.nsn-rdnet.net/api/v1/system_memory_usages/2391/?format=csv
2017-09-02T10:20:12Z,23035904,226684928,56435712,62496768,2071298048,MRBTS-101056,testline,1039662,http://dev3.scout.wro.nsn-rdnet.net/api/v1/system_memory_usages/2395/?format=csv
2017-09-02T10:35:12Z,23498752,226697216,56391680,62087168,2072363008,MRBTS-101056,testline,1040562,http://dev3.scout.wro.nsn-rdnet.net/api/v1/system_memory_usages/2398/?format=csv
2017-09-02T10:50:12Z,24010752,226705408,56421376,62459904,2073260032,MRBTS-101056,testline,1041462,http://dev3.scout.wro.nsn-rdnet.net/api/v1/system_memory_usages/2402/?format=csv
2017-09-02T11:05:12Z,24420352,226717696,56628224,62566400,2072612864,MRBTS-101056,testline,1042362,http://dev3.scout.wro.nsn-rdnet.net/api/v1/system_memory_usages/2405/?format=csv
2017-09-02T11:20:12Z,24928256,226729984,56792064,62357504,2073559040,MRBTS-101056,testline,1043262,http://dev3.scout.wro.nsn-rdnet.net/api/v1/system_memory_usages/2408/?format=csv
2017-09-02T11:35:12Z,25387008,226734080,56588288,62693376,2077241344,MRBTS-101056,testline,1044162,http://dev3.scout.wro.nsn-rdnet.net/api/v1/system_memory_usages/2409/?format=csv
2017-09-02T11:50:12Z,25903104,226750464,53872640,62263296,2075160576,MRBTS-101056,testline,1045062,http://dev3.scout.wro.nsn-rdnet.net/api/v1/system_memory_usages/2412/?format=csv
2017-09-02T12:05:12Z,23318528,226758656,53753856,62713856,2073104384,MRBTS-101056,testline,1045962,http://dev3.scout.wro.nsn-rdnet.net/api/v1/system_memory_usages/2415/?format=csv
2017-09-02T12:20:12Z,23830528,226766848,53959680,62205952,2072530944,MRBTS-101056,testline,1046862,http://dev3.scout.wro.nsn-rdnet.net/api/v1/system_memory_usages/2418/?format=csv
2017-09-02T12:35:12Z,24297472,226779136,53995520,62107648,2074546176,MRBTS-101056,testline,1047762,http://dev3.scout.wro.nsn-rdnet.net/api/v1/system_memory_usages/2423/?format=csv
2017-09-02T12:50:12Z,24748032,226738176,54148096,62214144,2073927680,MRBTS-101056,testline,1048662,http://dev3.scout.wro.nsn-rdnet.net/api/v1/system_memory_usages/2426/?format=csv
2017-09-02T13:05:12Z,25214976,226746368,54078464,62357504,2077429760,MRBTS-101056,testline,1049562,http://dev3.scout.wro.nsn-rdnet.net/api/v1/system_memory_usages/2429/?format=csv
2017-09-02T13:20:12Z,25673728,226754560,54043648,62631936,2077011968,MRBTS-101056,testline,1050462,http://dev3.scout.wro.nsn-rdnet.net/api/v1/system_memory_usages/2431/?format=csv
2017-09-02T13:35:12Z,23191552,226766848,54194176,62484480,2075484160,MRBTS-101056,testline,1051362,http://dev3.scout.wro.nsn-rdnet.net/api/v1/system_memory_usages/2435/?format=csv
2017-09-02T13:50:12Z,23642112,226770944,54337536,62160896,2075541504,MRBTS-101056,testline,1052262,http://dev3.scout.wro.nsn-rdnet.net/api/v1/system_memory_usages/2438/?format=csv
2017-09-02T14:05:12Z,24104960,226783232,54157312,61763584,2076020736,MRBTS-101056,testline,1053162,http://dev3.scout.wro.nsn-rdnet.net/api/v1/system_memory_usages/2439/?format=csv
2017-09-02T14:20:12Z,24567808,226791424,54395904,61915136,2076975104,MRBTS-101056,testline,1054062,http://dev3.scout.wro.nsn-rdnet.net/api/v1/system_memory_usages/2442/?format=csv
2017-09-02T14:35:12Z,25030656,226803712,54324224,61796352,2076696576,MRBTS-101056,testline,1054962,http://dev3.scout.wro.nsn-rdnet.net/api/v1/system_memory_usages/2446/?format=csv
2017-09-02T14:50:12Z,25530368,226816000,54493184,61808640,2079842304,MRBTS-101056,testline,1055862,http://dev3.scout.wro.nsn-rdnet.net/api/v1/system_memory_usages/2449/?format=csv
2017-09-02T15:05:12Z,25948160,226824192,54700032,62054400,2079637504,MRBTS-101056,testline,1056762,http://dev3.scout.wro.nsn-rdnet.net/api/v1/system_memory_usages/2452/?format=csv
2017-09-02T15:20:12Z,23461888,226836480,54875136,62361600,2078818304,MRBTS-101056,testline,1057662,http://dev3.scout.wro.nsn-rdnet.net/api/v1/system_memory_usages/2455/?format=csv
2017-09-02T15:35:12Z,23920640,226844672,54805504,62279680,2079309824,MRBTS-101056,testline,1058562,http://dev3.scout.wro.nsn-rdnet.net/api/v1/system_memory_usages/2459/?format=csv
2017-09-02T15:50:12Z,24436736,226848768,54672384,62070784,2078871552,MRBTS-101056,testline,1059462,http://dev3.scout.wro.nsn-rdnet.net/api/v1/system_memory_usages/2462/?format=csv
2017-09-02T16:05:12Z,24834048,226861056,54831104,62541824,2080288768,MRBTS-101056,testline,1060362,http://dev3.scout.wro.nsn-rdnet.net/api/v1/system_memory_usages/2465/?format=csv
2017-09-02T16:20:12Z,25296896,226820096,55016448,62423040,2080354304,MRBTS-101056,testline,1061262,http://dev3.scout.wro.nsn-rdnet.net/api/v1/system_memory_usages/2466/?format=csv
2017-09-02T16:35:12Z,25804800,226828288,54922240,62566400,2082217984,MRBTS-101056,testline,1062162,http://dev3.scout.wro.nsn-rdnet.net/api/v1/system_memory_usages/2469/?format=csv
2017-09-02T16:50:12Z,23261184,226836480,54780928,62193664,2078556160,MRBTS-101056,testline,1063062,http://dev3.scout.wro.nsn-rdnet.net/api/v1/system_memory_usages/2472/?format=csv
2017-09-02T17:05:12Z,23707648,226848768,54888448,62382080,2079412224,MRBTS-101056,testline,1063962,http://dev3.scout.wro.nsn-rdnet.net/api/v1/system_memory_usages/2475/?format=csv
2017-09-02T17:20:12Z,24158208,226856960,55051264,62058496,2081685504,MRBTS-101056,testline,1064862,http://dev3.scout.wro.nsn-rdnet.net/api/v1/system_memory_usages/2479/?format=csv
2017-09-02T17:35:12Z,24674304,226869248,55127040,62447616,2082107392,MRBTS-101056,testline,1065762,http://dev3.scout.wro.nsn-rdnet.net/api/v1/system_memory_usages/2482/?format=csv
2017-09-02T17:50:12Z,25137152,226885632,55282688,62271488,2082754560,MRBTS-101056,testline,1066662,http://dev3.scout.wro.nsn-rdnet.net/api/v1/system_memory_usages/2485/?format=csv
2017-09-02T18:05:12Z,25538560,226889728,55434240,62439424,2082054144,MRBTS-101056,testline,1067562,http://dev3.scout.wro.nsn-rdnet.net/api/v1/system_memory_usages/2488/?format=csv
2017-09-02T18:20:12Z,26034176,226897920,55557120,62349312,2082353152,MRBTS-101056,testline,1068462,http://dev3.scout.wro.nsn-rdnet.net/api/v1/system_memory_usages/2491/?format=csv
2017-09-02T18:35:12Z,23494656,226910208,55481344,62058496,2080825344,MRBTS-101056,testline,1069362,http://dev3.scout.wro.nsn-rdnet.net/api/v1/system_memory_usages/2495/?format=csv
2017-09-02T18:50:12Z,24006656,226914304,55362560,62603264,2083049472,MRBTS-101056,testline,1070262,http://dev3.scout.wro.nsn-rdnet.net/api/v1/system_memory_usages/2497/?format=csv
2017-09-02T19:05:12Z,24399872,226926592,55494656,62320640,2083164160,MRBTS-101056,testline,1071162,http://dev3.scout.wro.nsn-rdnet.net/api/v1/system_memory_usages/2500/?format=csv
2017-09-02T19:20:12Z,24907776,226934784,55281664,62091264,2083454976,MRBTS-101056,testline,1072062,http://dev3.scout.wro.nsn-rdnet.net/api/v1/system_memory_usages/2504/?format=csv
2017-09-02T19:35:12Z,25374720,226947072,55355392,62013440,2086227968,MRBTS-101056,testline,1072962,http://dev3.scout.wro.nsn-rdnet.net/api/v1/system_memory_usages/2507/?format=csv
2017-09-02T19:50:12Z,25890816,226906112,55528448,62529536,2084917248,MRBTS-101056,testline,1073862,http://dev3.scout.wro.nsn-rdnet.net/api/v1/system_memory_usages/2509/?format=csv
2017-09-02T20:05:12Z,23273472,226918400,55602176,62611456,2080784384,MRBTS-101056,testline,1074762,http://dev3.scout.wro.nsn-rdnet.net/api/v1/system_memory_usages/2512/?format=csv
2017-09-02T20:20:12Z,23736320,226922496,55912448,62439424,2082545664,MRBTS-101056,testline,1075662,http://dev3.scout.wro.nsn-rdnet.net/api/v1/system_memory_usages/2516/?format=csv
2017-09-02T20:35:12Z,24248320,226930688,55834624,62476288,2083340288,MRBTS-101056,testline,1076562,http://dev3.scout.wro.nsn-rdnet.net/api/v1/system_memory_usages/2519/?format=csv
2017-09-02T20:50:12Z,24707072,226942976,55970816,62414848,2085662720,MRBTS-101056,testline,1077462,http://dev3.scout.wro.nsn-rdnet.net/api/v1/system_memory_usages/2522/?format=csv
2017-09-02T21:05:12Z,25153536,226951168,56139776,62513152,2085838848,MRBTS-101056,testline,1078362,http://dev3.scout.wro.nsn-rdnet.net/api/v1/system_memory_usages/2523/?format=csv
2017-09-02T21:20:12Z,25616384,226967552,56256512,63463424,2088783872,MRBTS-101056,testline,1079262,http://dev3.scout.wro.nsn-rdnet.net/api/v1/system_memory_usages/2526/?format=csv
2017-09-02T21:35:12Z,26132480,226971648,55971840,62881792,2087645184,MRBTS-101056,testline,1080162,http://dev3.scout.wro.nsn-rdnet.net/api/v1/system_memory_usages/2529/?format=csv
2017-09-02T21:50:12Z,23584768,226988032,55982080,62701568,2086699008,MRBTS-101056,testline,1081062,http://dev3.scout.wro.nsn-rdnet.net/api/v1/system_memory_usages/2532/?format=csv
2017-09-02T22:05:12Z,23977984,227000320,55940096,62816256,2085560320,MRBTS-101056,testline,1081962,http://dev3.scout.wro.nsn-rdnet.net/api/v1/system_memory_usages/2535/?format=csv
2017-09-02T22:20:12Z,24494080,227004416,56158208,62980096,2086645760,MRBTS-101056,testline,1082862,http://dev3.scout.wro.nsn-rdnet.net/api/v1/system_memory_usages/2539/?format=csv
2017-09-02T22:35:12Z,24961024,227012608,56090624,62803968,2087763968,MRBTS-101056,testline,1083762,http://dev3.scout.wro.nsn-rdnet.net/api/v1/system_memory_usages/2542/?format=csv
2017-09-02T22:50:12Z,25464832,227020800,56256512,62300160,2087321600,MRBTS-101056,testline,1084662,http://dev3.scout.wro.nsn-rdnet.net/api/v1/system_memory_usages/2546/?format=csv
2017-09-02T23:05:12Z,25866240,227028992,56370176,62218240,2088083456,MRBTS-101056,testline,1085562,http://dev3.scout.wro.nsn-rdnet.net/api/v1/system_memory_usages/2549/?format=csv
2017-09-02T23:20:12Z,23379968,226988032,56514560,62480384,2087763968,MRBTS-101056,testline,1086462,http://dev3.scout.wro.nsn-rdnet.net/api/v1/system_memory_usages/2552/?format=csv
2017-09-02T23:35:12Z,23830528,226996224,56585216,62312448,2086797312,MRBTS-101056,testline,1087362,http://dev3.scout.wro.nsn-rdnet.net/api/v1/system_memory_usages/2553/?format=csv
2017-09-02T23:50:12Z,24346624,227004416,56648704,62275584,2087493632,MRBTS-101056,testline,1088262,http://dev3.scout.wro.nsn-rdnet.net/api/v1/system_memory_usages/2556/?format=csv
2017-09-03T00:05:12Z,24748032,226435072,56912896,62132224,2087424000,MRBTS-101056,testline,1089162,http://dev3.scout.wro.nsn-rdnet.net/api/v1/system_memory_usages/2559/?format=csv
2017-09-03T00:20:12Z,25210880,226447360,56826880,62111744,2088173568,MRBTS-101056,testline,1090062,http://dev3.scout.wro.nsn-rdnet.net/api/v1/system_memory_usages/2564/?format=csv
2017-09-03T00:35:12Z,25706496,226455552,56491008,62324736,2090205184,MRBTS-101056,testline,1090962,http://dev3.scout.wro.nsn-rdnet.net/api/v1/system_memory_usages/2567/?format=csv
2017-09-03T00:50:12Z,23166976,226467840,56605696,61878272,2085933056,MRBTS-101056,testline,1091862,http://dev3.scout.wro.nsn-rdnet.net/api/v1/system_memory_usages/2569/?format=csv
2017-09-03T01:05:12Z,23617536,226480128,56792064,61730816,2084687872,MRBTS-101056,testline,1092762,http://dev3.scout.wro.nsn-rdnet.net/api/v1/system_memory_usages/2572/?format=csv
2017-09-03T01:20:12Z,24068096,226488320,56807424,62353408,2088222720,MRBTS-101056,testline,1093662,http://dev3.scout.wro.nsn-rdnet.net/api/v1/system_memory_usages/2576/?format=csv
2017-09-03T01:35:12Z,24580096,226500608,56681472,62173184,2086010880,MRBTS-101056,testline,1094562,http://dev3.scout.wro.nsn-rdnet.net/api/v1/system_memory_usages/2579/?format=csv
2017-09-03T01:50:12Z,25042944,226508800,56816640,61546496,2087858176,MRBTS-101056,testline,1095462,http://dev3.scout.wro.nsn-rdnet.net/api/v1/system_memory_usages/2580/?format=csv
2017-09-03T02:05:12Z,25448448,226512896,57114624,61366272,2088558592,MRBTS-101056,testline,1096362,http://dev3.scout.wro.nsn-rdnet.net/api/v1/system_memory_usages/2584/?format=csv
2017-09-03T02:20:12Z,25952256,226529280,57154560,62283776,2087948288,MRBTS-101056,testline,1097262,http://dev3.scout.wro.nsn-rdnet.net/api/v1/system_memory_usages/2586/?format=csv
2017-09-03T02:35:12Z,23412736,226492416,57322496,62111744,2087104512,MRBTS-101056,testline,1098162,http://dev3.scout.wro.nsn-rdnet.net/api/v1/system_memory_usages/2589/?format=csv
2017-09-03T02:50:12Z,23924736,226496512,57363456,61767680,2085195776,MRBTS-101056,testline,1099062,http://dev3.scout.wro.nsn-rdnet.net/api/v1/system_memory_usages/2593/?format=csv
2017-09-03T03:05:12Z,24309760,226508800,57254912,61530112,2087141376,MRBTS-101056,testline,1099962,http://dev3.scout.wro.nsn-rdnet.net/api/v1/system_memory_usages/2597/?format=csv
2017-09-03T03:20:12Z,24821760,226516992,53955584,61595648,2090323968,MRBTS-101056,testline,1100862,http://dev3.scout.wro.nsn-rdnet.net/api/v1/system_memory_usages/2600/?format=csv
2017-09-03T03:35:12Z,25284608,226525184,54135808,61874176,2088329216,MRBTS-101056,testline,1101762,http://dev3.scout.wro.nsn-rdnet.net/api/v1/system_memory_usages/2602/?format=csv
2017-09-03T03:50:12Z,25743360,226537472,54261760,61894656,2090196992,MRBTS-101056,testline,1102662,http://dev3.scout.wro.nsn-rdnet.net/api/v1/system_memory_usages/2606/?format=csv
2017-09-03T04:05:12Z,23183360,226541568,54341632,62095360,2086592512,MRBTS-101056,testline,1103562,http://dev3.scout.wro.nsn-rdnet.net/api/v1/system_memory_usages/2607/?format=csv
2017-09-03T04:20:12Z,23646208,226557952,54429696,62074880,2085986304,MRBTS-101056,testline,1104462,http://dev3.scout.wro.nsn-rdnet.net/api/v1/system_memory_usages/2610/?format=csv
2017-09-03T04:35:12Z,24154112,226566144,54609920,62107648,2087260160,MRBTS-101056,testline,1105362,http://dev3.scout.wro.nsn-rdnet.net/api/v1/system_memory_usages/2614/?format=csv
2017-09-03T04:50:12Z,24608768,226578432,54753280,62324736,2087628800,MRBTS-101056,testline,1106262,http://dev3.scout.wro.nsn-rdnet.net/api/v1/system_memory_usages/2616/?format=csv
2017-09-03T05:05:12Z,25063424,226590720,54857728,61915136,2087223296,MRBTS-101056,testline,1107162,http://dev3.scout.wro.nsn-rdnet.net/api/v1/system_memory_usages/2619/?format=csv
2017-09-03T05:20:12Z,25530368,226603008,54805504,61767680,2087796736,MRBTS-101056,testline,1108062,http://dev3.scout.wro.nsn-rdnet.net/api/v1/system_memory_usages/2623/?format=csv
2017-09-03T05:35:12Z,26042368,226607104,54979584,62349312,2089996288,MRBTS-101056,testline,1108962,http://dev3.scout.wro.nsn-rdnet.net/api/v1/system_memory_usages/2626/?format=csv
2017-09-03T05:50:12Z,23494656,226615296,54967296,62705664,2087010304,MRBTS-101056,testline,1109862,http://dev3.scout.wro.nsn-rdnet.net/api/v1/system_memory_usages/2630/?format=csv
2017-09-03T06:05:12Z,23896064,226574336,55098368,61845504,2086862848,MRBTS-101056,testline,1110762,http://dev3.scout.wro.nsn-rdnet.net/api/v1/system_memory_usages/2633/?format=csv
2017-09-03T06:20:12Z,24408064,226578432,54938624,62046208,2087428096,MRBTS-101056,testline,1111662,http://dev3.scout.wro.nsn-rdnet.net/api/v1/system_memory_usages/2636/?format=csv
2017-09-03T06:35:12Z,24862720,226590720,54935552,62144512,2088583168,MRBTS-101056,testline,1112562,http://dev3.scout.wro.nsn-rdnet.net/api/v1/system_memory_usages/2637/?format=csv
2017-09-03T06:50:12Z,25374720,226598912,55170048,62619648,2090352640,MRBTS-101056,testline,1113462,http://dev3.scout.wro.nsn-rdnet.net/api/v1/system_memory_usages/2641/?format=csv
2017-09-03T07:05:12Z,25772032,226607104,55230464,61837312,2088214528,MRBTS-101056,testline,1114362,http://dev3.scout.wro.nsn-rdnet.net/api/v1/system_memory_usages/2644/?format=csv
2017-09-03T07:20:12Z,23285760,226619392,55222272,62693376,2088218624,MRBTS-101056,testline,1115262,http://dev3.scout.wro.nsn-rdnet.net/api/v1/system_memory_usages/2648/?format=csv
2017-09-03T07:35:12Z,23736320,226635776,55233536,62521344,2087088128,MRBTS-101056,testline,1116162,http://dev3.scout.wro.nsn-rdnet.net/api/v1/system_memory_usages/2650/?format=csv
2017-09-03T07:50:12Z,24195072,226643968,55334912,61980672,2087133184,MRBTS-101056,testline,1117062,http://dev3.scout.wro.nsn-rdnet.net/api/v1/system_memory_usages/2653/?format=csv
2017-09-03T08:05:12Z,24649728,226652160,55533568,62140416,2089390080,MRBTS-101056,testline,1117962,http://dev3.scout.wro.nsn-rdnet.net/api/v1/system_memory_usages/2657/?format=csv
2017-09-03T08:20:12Z,25112576,226668544,55288832,62128128,2087624704,MRBTS-101056,testline,1118862,http://dev3.scout.wro.nsn-rdnet.net/api/v1/system_memory_usages/2660/?format=csv
2017-09-03T08:35:12Z,25612288,226672640,55538688,62287872,2088312832,MRBTS-101056,testline,1119762,http://dev3.scout.wro.nsn-rdnet.net/api/v1/system_memory_usages/2662/?format=csv
2017-09-03T08:50:12Z,26075136,226684928,55481344,62296064,2090586112,MRBTS-101056,testline,1120662,http://dev3.scout.wro.nsn-rdnet.net/api/v1/system_memory_usages/2664/?format=csv
2017-09-03T09:05:12Z,23535616,226689024,55433216,62664704,2089177088,MRBTS-101056,testline,1121562,http://dev3.scout.wro.nsn-rdnet.net/api/v1/system_memory_usages/2667/?format=csv
2017-09-03T09:20:12Z,23990272,226697216,55552000,62406656,2088992768,MRBTS-101056,testline,1122462,http://dev3.scout.wro.nsn-rdnet.net/api/v1/system_memory_usages/2670/?format=csv
2017-09-03T09:35:12Z,24506368,226660352,55447552,61874176,2090541056,MRBTS-101056,testline,1123362,http://dev3.scout.wro.nsn-rdnet.net/api/v1/system_memory_usages/2674/?format=csv
2017-09-03T09:50:12Z,24965120,226676736,55536640,62107648,2089541632,MRBTS-101056,testline,1124262,http://dev3.scout.wro.nsn-rdnet.net/api/v1/system_memory_usages/2676/?format=csv
2017-09-03T10:05:12Z,25362432,226684928,55585792,61779968,2089590784,MRBTS-101056,testline,1125162,http://dev3.scout.wro.nsn-rdnet.net/api/v1/system_memory_usages/2679/?format=csv
2017-09-03T10:20:12Z,25866240,226689024,55553024,61796352,2090070016,MRBTS-101056,testline,1126062,http://dev3.scout.wro.nsn-rdnet.net/api/v1/system_memory_usages/2683/?format=csv
2017-09-03T10:35:12Z,23330816,226701312,55773184,61972480,2086150144,MRBTS-101056,testline,1126962,http://dev3.scout.wro.nsn-rdnet.net/api/v1/system_memory_usages/2687/?format=csv
2017-09-03T10:50:12Z,23842816,226709504,55705600,62275584,2089816064,MRBTS-101056,testline,1127862,http://dev3.scout.wro.nsn-rdnet.net/api/v1/system_memory_usages/2690/?format=csv
2017-09-03T11:05:12Z,24223744,226725888,55787520,62390272,2088800256,MRBTS-101056,testline,1128762,http://dev3.scout.wro.nsn-rdnet.net/api/v1/system_memory_usages/2691/?format=csv
2017-09-03T11:20:12Z,24735744,226729984,55494656,62119936,2089590784,MRBTS-101056,testline,1129662,http://dev3.scout.wro.nsn-rdnet.net/api/v1/system_memory_usages/2695/?format=csv
2017-09-03T11:35:12Z,25202688,226738176,55634944,62103552,2089693184,MRBTS-101056,testline,1130562,http://dev3.scout.wro.nsn-rdnet.net/api/v1/system_memory_usages/2699/?format=csv
2017-09-03T11:50:12Z,25661440,226754560,55808000,62078976,2091429888,MRBTS-101056,testline,1131462,http://dev3.scout.wro.nsn-rdnet.net/api/v1/system_memory_usages/2701/?format=csv
2017-09-03T12:05:12Z,26103808,226758656,55941120,62046208,2088103936,MRBTS-101056,testline,1132362,http://dev3.scout.wro.nsn-rdnet.net/api/v1/system_memory_usages/2704/?format=csv
2017-09-03T12:20:12Z,23572480,226770944,55931904,62427136,2088919040,MRBTS-101056,testline,1133262,http://dev3.scout.wro.nsn-rdnet.net/api/v1/system_memory_usages/2707/?format=csv
2017-09-03T12:35:12Z,24084480,226783232,56064000,62590976,2090893312,MRBTS-101056,testline,1134162,http://dev3.scout.wro.nsn-rdnet.net/api/v1/system_memory_usages/2711/?format=csv
2017-09-03T12:50:12Z,24547328,226787328,56181760,62398464,2090479616,MRBTS-101056,testline,1135062,http://dev3.scout.wro.nsn-rdnet.net/api/v1/system_memory_usages/2714/?format=csv
2017-09-03T13:05:12Z,24989696,226750464,56150016,63139840,2090512384,MRBTS-101056,testline,1135962,http://dev3.scout.wro.nsn-rdnet.net/api/v1/system_memory_usages/2717/?format=csv
2017-09-03T13:20:12Z,25448448,226758656,56101888,62541824,2090070016,MRBTS-101056,testline,1136862,http://dev3.scout.wro.nsn-rdnet.net/api/v1/system_memory_usages/2718/?format=csv
2017-09-03T13:35:12Z,25911296,226766848,56266752,62558208,2092752896,MRBTS-101056,testline,1137762,http://dev3.scout.wro.nsn-rdnet.net/api/v1/system_memory_usages/2721/?format=csv
2017-09-03T13:50:12Z,23416832,226775040,56190976,62427136,2087739392,MRBTS-101056,testline,1138662,http://dev3.scout.wro.nsn-rdnet.net/api/v1/system_memory_usages/2725/?format=csv
2017-09-03T14:05:12Z,23818240,226783232,56587264,62169088,2088783872,MRBTS-101056,testline,1139562,http://dev3.scout.wro.nsn-rdnet.net/api/v1/system_memory_usages/2728/?format=csv
2017-09-03T14:20:12Z,24326144,226791424,56266752,62480384,2090090496,MRBTS-101056,testline,1140462,http://dev3.scout.wro.nsn-rdnet.net/api/v1/system_memory_usages/2732/?format=csv
2017-09-03T14:35:12Z,24788992,226807808,56506368,61911040,2090635264,MRBTS-101056,testline,1141362,http://dev3.scout.wro.nsn-rdnet.net/api/v1/system_memory_usages/2734/?format=csv
2017-09-03T14:50:12Z,25288704,226820096,56629248,61980672,2092175360,MRBTS-101056,testline,1142262,http://dev3.scout.wro.nsn-rdnet.net/api/v1/system_memory_usages/2737/?format=csv
2017-09-03T15:05:12Z,25686016,226824192,56724480,62271488,2091761664,MRBTS-101056,testline,1143162,http://dev3.scout.wro.nsn-rdnet.net/api/v1/system_memory_usages/2741/?format=csv
2017-09-03T15:20:12Z,26148864,226840576,56712192,61747200,2091614208,MRBTS-101056,testline,1144062,http://dev3.scout.wro.nsn-rdnet.net/api/v1/system_memory_usages/2742/?format=csv
2017-09-03T15:35:12Z,23646208,226844672,56576000,61935616,2090520576,MRBTS-101056,testline,1144962,http://dev3.scout.wro.nsn-rdnet.net/api/v1/system_memory_usages/2745/?format=csv
2017-09-03T15:50:12Z,24117248,226852864,56797184,62660608,2090369024,MRBTS-101056,testline,1145862,http://dev3.scout.wro.nsn-rdnet.net/api/v1/system_memory_usages/2748/?format=csv
2017-09-03T16:05:12Z,24567808,226865152,56886272,62304256,2089402368,MRBTS-101056,testline,1146762,http://dev3.scout.wro.nsn-rdnet.net/api/v1/system_memory_usages/2751/?format=csv
2017-09-03T16:20:12Z,25034752,226824192,56826880,61861888,2089922560,MRBTS-101056,testline,1147662,http://dev3.scout.wro.nsn-rdnet.net/api/v1/system_memory_usages/2755/?format=csv
2017-09-03T16:35:12Z,25530368,226832384,56991744,62160896,2093305856,MRBTS-101056,testline,1148562,http://dev3.scout.wro.nsn-rdnet.net/api/v1/system_memory_usages/2759/?format=csv
2017-09-03T16:50:12Z,25993216,226840576,57075712,62459904,2094268416,MRBTS-101056,testline,1149462,http://dev3.scout.wro.nsn-rdnet.net/api/v1/system_memory_usages/2762/?format=csv
2017-09-03T17:05:12Z,23445504,226848768,57192448,61861888,2089373696,MRBTS-101056,testline,1150362,http://dev3.scout.wro.nsn-rdnet.net/api/v1/system_memory_usages/2765/?format=csv
2017-09-03T17:20:12Z,23900160,226861056,57193472,62124032,2090332160,MRBTS-101056,testline,1151262,http://dev3.scout.wro.nsn-rdnet.net/api/v1/system_memory_usages/2768/?format=csv
2017-09-03T17:35:12Z,24354816,226873344,57302016,61644800,2090057728,MRBTS-101056,testline,1152162,http://dev3.scout.wro.nsn-rdnet.net/api/v1/system_memory_usages/2769/?format=csv
2017-09-03T17:50:12Z,24870912,226881536,57334784,61628416,2090782720,MRBTS-101056,testline,1153062,http://dev3.scout.wro.nsn-rdnet.net/api/v1/system_memory_usages/2773/?format=csv
2017-09-03T18:05:12Z,25264128,226893824,57230336,62083072,2091085824,MRBTS-101056,testline,1153962,http://dev3.scout.wro.nsn-rdnet.net/api/v1/system_memory_usages/2776/?format=csv
2017-09-03T18:20:12Z,25767936,226902016,57247744,62349312,2091974656,MRBTS-101056,testline,1154862,http://dev3.scout.wro.nsn-rdnet.net/api/v1/system_memory_usages/2780/?format=csv
2017-09-03T18:35:12Z,23232512,226906112,54490112,61988864,2089349120,MRBTS-101056,testline,1155762,http://dev3.scout.wro.nsn-rdnet.net/api/v1/system_memory_usages/2783/?format=csv
2017-09-03T18:50:12Z,23744512,226918400,54553600,62291968,2090590208,MRBTS-101056,testline,1156662,http://dev3.scout.wro.nsn-rdnet.net/api/v1/system_memory_usages/2786/?format=csv
2017-09-03T19:05:12Z,24145920,226930688,54759424,62218240,2090393600,MRBTS-101056,testline,1157562,http://dev3.scout.wro.nsn-rdnet.net/api/v1/system_memory_usages/2789/?format=csv
2017-09-03T19:20:12Z,24600576,226934784,54824960,61632512,2091405312,MRBTS-101056,testline,1158462,http://dev3.scout.wro.nsn-rdnet.net/api/v1/system_memory_usages/2792/?format=csv
2017-09-03T19:35:12Z,25108480,226951168,54942720,61730816,2090954752,MRBTS-101056,testline,1159362,http://dev3.scout.wro.nsn-rdnet.net/api/v1/system_memory_usages/2793/?format=csv
2017-09-03T19:50:12Z,25575424,226910208,54852608,61661184,2093260800,MRBTS-101056,testline,1160262,http://dev3.scout.wro.nsn-rdnet.net/api/v1/system_memory_usages/2796/?format=csv
2017-09-03T20:05:12Z,26009600,226918400,54938624,61911040,2090893312,MRBTS-101056,testline,1161162,http://dev3.scout.wro.nsn-rdnet.net/api/v1/system_memory_usages/2799/?format=csv
2017-09-03T20:20:12Z,23474176,226926592,54666240,61628416,2089349120,MRBTS-101056,testline,1162062,http://dev3.scout.wro.nsn-rdnet.net/api/v1/system_memory_usages/2802/?format=csv
2017-09-03T20:35:12Z,23977984,226934784,54808576,62107648,2090627072,MRBTS-101056,testline,1162962,http://dev3.scout.wro.nsn-rdnet.net/api/v1/system_memory_usages/2806/?format=csv
2017-09-03T20:50:12Z,24444928,226942976,54934528,62083072,2090512384,MRBTS-101056,testline,1163862,http://dev3.scout.wro.nsn-rdnet.net/api/v1/system_memory_usages/2809/?format=csv
2017-09-03T21:05:12Z,24879104,226955264,54958080,62287872,2092474368,MRBTS-101056,testline,1164762,http://dev3.scout.wro.nsn-rdnet.net/api/v1/system_memory_usages/2812/?format=csv
2017-09-03T21:20:12Z,25337856,226971648,55145472,61407232,2091741184,MRBTS-101056,testline,1165662,http://dev3.scout.wro.nsn-rdnet.net/api/v1/system_memory_usages/2816/?format=csv
2017-09-03T21:35:12Z,25804800,226979840,55205888,61648896,2091458560,MRBTS-101056,testline,1166562,http://dev3.scout.wro.nsn-rdnet.net/api/v1/system_memory_usages/2817/?format=csv
2017-09-03T21:50:12Z,23310336,226983936,55191552,62349312,2089369600,MRBTS-101056,testline,1167462,http://dev3.scout.wro.nsn-rdnet.net/api/v1/system_memory_usages/2821/?format=csv
2017-09-03T22:05:12Z,23707648,227000320,55370752,61964288,2090934272,MRBTS-101056,testline,1168362,http://dev3.scout.wro.nsn-rdnet.net/api/v1/system_memory_usages/2824/?format=csv
2017-09-03T22:20:12Z,24219648,227008512,55321600,61698048,2091167744,MRBTS-101056,testline,1169262,http://dev3.scout.wro.nsn-rdnet.net/api/v1/system_memory_usages/2827/?format=csv
2017-09-03T22:35:12Z,24678400,227016704,55512064,62042112,2091524096,MRBTS-101056,testline,1170162,http://dev3.scout.wro.nsn-rdnet.net/api/v1/system_memory_usages/2831/?format=csv
2017-09-03T22:50:12Z,25190400,227020800,55113728,61616128,2092371968,MRBTS-101056,testline,1171062,http://dev3.scout.wro.nsn-rdnet.net/api/v1/system_memory_usages/2834/?format=csv
2017-09-03T23:05:12Z,25595904,227033088,55268352,61775872,2093137920,MRBTS-101056,testline,1171962,http://dev3.scout.wro.nsn-rdnet.net/api/v1/system_memory_usages/2836/?format=csv
2017-09-03T23:20:12Z,26062848,226992128,55395328,61440000,2093776896,MRBTS-101056,testline,1172862,http://dev3.scout.wro.nsn-rdnet.net/api/v1/system_memory_usages/2840/?format=csv
2017-09-03T23:35:12Z,23572480,226996224,55364608,61800448,2090930176,MRBTS-101056,testline,1173762,http://dev3.scout.wro.nsn-rdnet.net/api/v1/system_memory_usages/2843/?format=csv
2017-09-03T23:50:12Z,24023040,227008512,55483392,61730816,2090373120,MRBTS-101056,testline,1174662,http://dev3.scout.wro.nsn-rdnet.net/api/v1/system_memory_usages/2844/?format=csv
2017-09-04T00:05:12Z,24469504,226439168,55705600,61820928,2090180608,MRBTS-101056,testline,1175562,http://dev3.scout.wro.nsn-rdnet.net/api/v1/system_memory_usages/2847/?format=csv
2017-09-04T00:20:12Z,24928256,226443264,55740416,62046208,2091773952,MRBTS-101056,testline,1176462,http://dev3.scout.wro.nsn-rdnet.net/api/v1/system_memory_usages/2851/?format=csv
2017-09-04T00:35:12Z,25423872,226459648,55881728,61771776,2093477888,MRBTS-101056,testline,1177362,http://dev3.scout.wro.nsn-rdnet.net/api/v1/system_memory_usages/2853/?format=csv
2017-09-04T00:50:12Z,25890816,226471936,55988224,61923328,2093502464,MRBTS-101056,testline,1178262,http://dev3.scout.wro.nsn-rdnet.net/api/v1/system_memory_usages/2857/?format=csv
2017-09-04T01:05:12Z,23285760,226480128,56162304,61501440,2089889792,MRBTS-101056,testline,1179162,http://dev3.scout.wro.nsn-rdnet.net/api/v1/system_memory_usages/2861/?format=csv
2017-09-04T01:20:12Z,23797760,226496512,55924736,61841408,2088964096,MRBTS-101056,testline,1180062,http://dev3.scout.wro.nsn-rdnet.net/api/v1/system_memory_usages/2864/?format=csv
2017-09-04T01:35:12Z,24248320,226504704,56003584,62062592,2093187072,MRBTS-101056,testline,1180962,http://dev3.scout.wro.nsn-rdnet.net/api/v1/system_memory_usages/2867/?format=csv
2017-09-04T01:50:12Z,24768512,226508800,55959552,62164992,2094366720,MRBTS-101056,testline,1181862,http://dev3.scout.wro.nsn-rdnet.net/api/v1/system_memory_usages/2868/?format=csv
2017-09-04T02:05:12Z,25165824,226516992,55894016,62091264,2092732416,MRBTS-101056,testline,1182762,http://dev3.scout.wro.nsn-rdnet.net/api/v1/system_memory_usages/2871/?format=csv
2017-09-04T02:20:12Z,25673728,226529280,56109056,62521344,2093232128,MRBTS-101056,testline,1183662,http://dev3.scout.wro.nsn-rdnet.net/api/v1/system_memory_usages/2874/?format=csv
2017-09-04T02:35:12Z,26136576,226541568,56181760,62337024,2093465600,MRBTS-101056,testline,1184562,http://dev3.scout.wro.nsn-rdnet.net/api/v1/system_memory_usages/2878/?format=csv
2017-09-04T02:50:12Z,23650304,226500608,56465408,62210048,2090131456,MRBTS-101056,testline,1185462,http://dev3.scout.wro.nsn-rdnet.net/api/v1/system_memory_usages/2881/?format=csv
2017-09-04T03:05:12Z,24043520,226512896,56614912,62697472,2090917888,MRBTS-101056,testline,1186362,http://dev3.scout.wro.nsn-rdnet.net/api/v1/system_memory_usages/2884/?format=csv
2017-09-04T03:20:12Z,24498176,226516992,56539136,62197760,2091626496,MRBTS-101056,testline,1187262,http://dev3.scout.wro.nsn-rdnet.net/api/v1/system_memory_usages/2887/?format=csv
2017-09-04T03:35:12Z,25010176,226529280,56460288,62107648,2092183552,MRBTS-101056,testline,1188162,http://dev3.scout.wro.nsn-rdnet.net/api/v1/system_memory_usages/2891/?format=csv
2017-09-04T03:50:12Z,25477120,226537472,56611840,62181376,2091986944,MRBTS-101056,testline,1189062,http://dev3.scout.wro.nsn-rdnet.net/api/v1/system_memory_usages/2892/?format=csv
2017-09-04T04:05:12Z,25919488,226545664,56787968,62267392,2093404160,MRBTS-101056,testline,1189962,http://dev3.scout.wro.nsn-rdnet.net/api/v1/system_memory_usages/2895/?format=csv
2017-09-04T04:20:12Z,23375872,226562048,56848384,62189568,2090471424,MRBTS-101056,testline,1190862,http://dev3.scout.wro.nsn-rdnet.net/api/v1/system_memory_usages/2899/?format=csv
2017-09-04T04:35:12Z,23883776,226566144,56516608,62693376,2090520576,MRBTS-101056,testline,1191762,http://dev3.scout.wro.nsn-rdnet.net/api/v1/system_memory_usages/2903/?format=csv
2017-09-04T04:50:12Z,24350720,226582528,56643584,62676992,2090946560,MRBTS-101056,testline,1192662,http://dev3.scout.wro.nsn-rdnet.net/api/v1/system_memory_usages/2905/?format=csv
2017-09-04T05:05:12Z,24739840,226594816,56804352,62439424,2093289472,MRBTS-101056,testline,1193562,http://dev3.scout.wro.nsn-rdnet.net/api/v1/system_memory_usages/2908/?format=csv
2017-09-04T05:20:12Z,25243648,226603008,56938496,62316544,2092015616,MRBTS-101056,testline,1194462,http://dev3.scout.wro.nsn-rdnet.net/api/v1/system_memory_usages/2912/?format=csv
2017-09-04T05:35:12Z,25702400,226611200,57214976,61739008,2091003904,MRBTS-101056,testline,1195362,http://dev3.scout.wro.nsn-rdnet.net/api/v1/system_memory_usages/2915/?format=csv
2017-09-04T05:50:12Z,26230784,226619392,57191424,62709760,2093125632,MRBTS-101056,testline,1196262,http://dev3.scout.wro.nsn-rdnet.net/api/v1/system_memory_usages/2918/?format=csv
2017-09-04T06:05:12Z,23613440,226623488,57078784,61964288,2090668032,MRBTS-101056,testline,1197162,http://dev3.scout.wro.nsn-rdnet.net/api/v1/system_memory_usages/2919/?format=csv
2017-09-04T06:20:12Z,24113152,226582528,57131008,62083072,2090741760,MRBTS-101056,testline,1198062,http://dev3.scout.wro.nsn-rdnet.net/api/v1/system_memory_usages/2922/?format=csv
2017-09-04T06:35:12Z,24559616,226594816,57199616,62181376,2091970560,MRBTS-101056,testline,1198962,http://dev3.scout.wro.nsn-rdnet.net/api/v1/system_memory_usages/2925/?format=csv
2017-09-04T06:50:12Z,25010176,226598912,57443328,62128128,2094772224,MRBTS-101056,testline,1199862,http://dev3.scout.wro.nsn-rdnet.net/api/v1/system_memory_usages/2929/?format=csv
2017-09-04T07:05:12Z,25432064,226611200,57414656,62423040,2091065344,MRBTS-101056,testline,1200762,http://dev3.scout.wro.nsn-rdnet.net/api/v1/system_memory_usages/2932/?format=csv
2017-09-04T07:20:12Z,25882624,226627584,57449472,61919232,2091028480,MRBTS-101056,testline,1201662,http://dev3.scout.wro.nsn-rdnet.net/api/v1/system_memory_usages/2934/?format=csv
2017-09-04T07:35:12Z,23388160,226631680,57366528,62115840,2090205184,MRBTS-101056,testline,1202562,http://dev3.scout.wro.nsn-rdnet.net/api/v1/system_memory_usages/2938/?format=csv
2017-09-04T07:50:12Z,23822336,226648064,57527296,62238720,2091008000,MRBTS-101056,testline,1203462,http://dev3.scout.wro.nsn-rdnet.net/api/v1/system_memory_usages/2942/?format=csv
2017-09-04T08:05:12Z,24256512,226656256,57579520,62464000,2091601920,MRBTS-101056,testline,1204362,http://dev3.scout.wro.nsn-rdnet.net/api/v1/system_memory_usages/2944/?format=csv
2017-09-04T08:20:12Z,24694784,226672640,57390080,62648320,2092396544,MRBTS-101056,testline,1205262,http://dev3.scout.wro.nsn-rdnet.net/api/v1/system_memory_usages/2947/?format=csv
2017-09-04T08:35:12Z,25153536,226680832,57469952,62296064,2094194688,MRBTS-101056,testline,1206162,http://dev3.scout.wro.nsn-rdnet.net/api/v1/system_memory_usages/2951/?format=csv
2017-09-04T08:50:12Z,25645056,226689024,57640960,62152704,2092965888,MRBTS-101056,testline,1207062,http://dev3.scout.wro.nsn-rdnet.net/api/v1/system_memory_usages/2954/?format=csv
2017-09-04T09:05:12Z,26034176,226697216,57799680,62844928,2094014464,MRBTS-101056,testline,1207962,http://dev3.scout.wro.nsn-rdnet.net/api/v1/system_memory_usages/2957/?format=csv
2017-09-04T09:20:12Z,23527424,226660352,57651200,62427136,2089603072,MRBTS-101056,testline,1208862,http://dev3.scout.wro.nsn-rdnet.net/api/v1/system_memory_usages/2959/?format=csv
2017-09-04T09:35:12Z,23969792,226672640,57597952,62615552,2090201088,MRBTS-101056,testline,1209763,http://dev3.scout.wro.nsn-rdnet.net/api/v1/system_memory_usages/2962/?format=csv
2017-09-04T09:50:12Z,24461312,226684928,57415680,62783488,2093084672,MRBTS-101056,testline,1210662,http://dev3.scout.wro.nsn-rdnet.net/api/v1/system_memory_usages/2966/?format=csv
2017-09-04T10:05:12Z,24846336,226697216,54764544,62279680,2089418752,MRBTS-101056,testline,1211562,http://dev3.scout.wro.nsn-rdnet.net/api/v1/system_memory_usages/2967/?format=csv
2017-09-04T10:20:12Z,25296896,226705408,54840320,62865408,2091286528,MRBTS-101056,testline,1212462,http://dev3.scout.wro.nsn-rdnet.net/api/v1/system_memory_usages/2970/?format=csv
2017-09-04T10:35:12Z,25780224,226717696,54853632,62504960,2094768128,MRBTS-101056,testline,1213362,http://dev3.scout.wro.nsn-rdnet.net/api/v1/system_memory_usages/2973/?format=csv
2017-09-04T10:50:12Z,26222592,226729984,54770688,62394368,2093838336,MRBTS-101056,testline,1214262,http://dev3.scout.wro.nsn-rdnet.net/api/v1/system_memory_usages/2976/?format=csv
2017-09-04T11:05:12Z,23646208,226734080,54950912,62750720,2092675072,MRBTS-101056,testline,1215162,http://dev3.scout.wro.nsn-rdnet.net/api/v1/system_memory_usages/2979/?format=csv
2017-09-04T11:20:12Z,24088576,226750464,54920192,62283776,2089656320,MRBTS-101056,testline,1216062,http://dev3.scout.wro.nsn-rdnet.net/api/v1/system_memory_usages/2984/?format=csv
2017-09-04T11:35:12Z,24588288,226758656,55068672,62722048,2091999232,MRBTS-101056,testline,1216962,http://dev3.scout.wro.nsn-rdnet.net/api/v1/system_memory_usages/2987/?format=csv
2017-09-04T11:50:12Z,25030656,226770944,55033856,62365696,2091528192,MRBTS-101056,testline,1217862,http://dev3.scout.wro.nsn-rdnet.net/api/v1/system_memory_usages/2990/?format=csv
2017-09-04T12:05:12Z,25452544,226775040,55173120,62603264,2092789760,MRBTS-101056,testline,1218762,http://dev3.scout.wro.nsn-rdnet.net/api/v1/system_memory_usages/2991/?format=csv
2017-09-04T12:20:12Z,25878528,226742272,54962176,62423040,2095190016,MRBTS-101056,testline,1219662,http://dev3.scout.wro.nsn-rdnet.net/api/v1/system_memory_usages/2994/?format=csv
2017-09-04T12:35:12Z,23343104,226750464,55235584,62341120,2091032576,MRBTS-101056,testline,1220562,http://dev3.scout.wro.nsn-rdnet.net/api/v1/system_memory_usages/2997/?format=csv
2017-09-04T12:50:12Z,23838720,226758656,55355392,62541824,2091409408,MRBTS-101056,testline,1221462,http://dev3.scout.wro.nsn-rdnet.net/api/v1/system_memory_usages/3001/?format=csv
2017-09-04T13:05:12Z,24211456,226770944,54968320,62423040,2092802048,MRBTS-101056,testline,1222362,http://dev3.scout.wro.nsn-rdnet.net/api/v1/system_memory_usages/3005/?format=csv
2017-09-04T13:20:12Z,24711168,226775040,54996992,62484480,2091769856,MRBTS-101056,testline,1223262,http://dev3.scout.wro.nsn-rdnet.net/api/v1/system_memory_usages/3008/?format=csv
2017-09-04T13:35:12Z,25157632,226791424,55156736,62423040,2091368448,MRBTS-101056,testline,1224162,http://dev3.scout.wro.nsn-rdnet.net/api/v1/system_memory_usages/3011/?format=csv
2017-09-04T13:50:12Z,25657344,226795520,55407616,62169088,2092122112,MRBTS-101056,testline,1225062,http://dev3.scout.wro.nsn-rdnet.net/api/v1/system_memory_usages/3014/?format=csv
2017-09-04T14:05:12Z,26030080,226807808,55561216,62353408,2093649920,MRBTS-101056,testline,1225962,http://dev3.scout.wro.nsn-rdnet.net/api/v1/system_memory_usages/3015/?format=csv
2017-09-04T14:20:12Z,23478272,226816000,55366656,62820352,2091016192,MRBTS-101056,testline,1226862,http://dev3.scout.wro.nsn-rdnet.net/api/v1/system_memory_usages/3018/?format=csv
2017-09-04T14:35:12Z,23982080,226824192,55546880,62111744,2091286528,MRBTS-101056,testline,1227762,http://dev3.scout.wro.nsn-rdnet.net/api/v1/system_memory_usages/3023/?format=csv
2017-09-04T14:50:12Z,24428544,226840576,55734272,62464000,2092310528,MRBTS-101056,testline,1228662,http://dev3.scout.wro.nsn-rdnet.net/api/v1/system_memory_usages/3026/?format=csv
2017-09-04T15:05:12Z,24850432,226844672,55616512,62574592,2091753472,MRBTS-101056,testline,1229562,http://dev3.scout.wro.nsn-rdnet.net/api/v1/system_memory_usages/3029/?format=csv
2017-09-04T15:20:12Z,25296896,226856960,55692288,62234624,2093002752,MRBTS-101056,testline,1230462,http://dev3.scout.wro.nsn-rdnet.net/api/v1/system_memory_usages/3032/?format=csv
2017-09-04T15:35:12Z,25796608,226861056,55435264,62332928,2091876352,MRBTS-101056,testline,1231362,http://dev3.scout.wro.nsn-rdnet.net/api/v1/system_memory_usages/3035/?format=csv
2017-09-04T15:50:12Z,23232512,226869248,55582720,62234624,2091249664,MRBTS-101056,testline,1232262,http://dev3.scout.wro.nsn-rdnet.net/api/v1/system_memory_usages/3038/?format=csv
2017-09-04T16:05:12Z,23678976,226881536,55778304,62275584,2092281856,MRBTS-101056,testline,1233162,http://dev3.scout.wro.nsn-rdnet.net/api/v1/system_memory_usages/3040/?format=csv
2017-09-04T16:20:12Z,24129536,226836480,55820288,62316544,2091732992,MRBTS-101056,testline,1234062,http://dev3.scout.wro.nsn-rdnet.net/api/v1/system_memory_usages/3043/?format=csv
2017-09-04T16:35:12Z,24584192,226848768,55983104,62414848,2092417024,MRBTS-101056,testline,1234962,http://dev3.scout.wro.nsn-rdnet.net/api/v1/system_memory_usages/3046/?format=csv
2017-09-04T16:50:12Z,25071616,226852864,55951360,62693376,2091089920,MRBTS-101056,testline,1235862,http://dev3.scout.wro.nsn-rdnet.net/api/v1/system_memory_usages/3049/?format=csv
2017-09-04T17:05:12Z,25448448,226865152,56122368,62570496,2092945408,MRBTS-101056,testline,1236762,http://dev3.scout.wro.nsn-rdnet.net/api/v1/system_memory_usages/3052/?format=csv
2017-09-04T17:20:12Z,25960448,226873344,56218624,62197760,2093211648,MRBTS-101056,testline,1237662,http://dev3.scout.wro.nsn-rdnet.net/api/v1/system_memory_usages/3055/?format=csv
2017-09-04T17:35:12Z,23392256,226885632,56369152,62136320,2090651648,MRBTS-101056,testline,1238562,http://dev3.scout.wro.nsn-rdnet.net/api/v1/system_memory_usages/3058/?format=csv
2017-09-04T17:50:12Z,23891968,226902016,56203264,62070784,2092244992,MRBTS-101056,testline,1239462,http://dev3.scout.wro.nsn-rdnet.net/api/v1/system_memory_usages/3062/?format=csv
2017-09-04T18:05:12Z,24268800,226906112,56069120,62078976,2091294720,MRBTS-101056,testline,1240362,http://dev3.scout.wro.nsn-rdnet.net/api/v1/system_memory_usages/3064/?format=csv
2017-09-04T18:20:12Z,24719360,226918400,56113152,62287872,2092744704,MRBTS-101056,testline,1241262,http://dev3.scout.wro.nsn-rdnet.net/api/v1/system_memory_usages/3067/?format=csv
2017-09-04T18:35:12Z,25202688,226922496,56289280,62070784,2093027328,MRBTS-101056,testline,1242162,http://dev3.scout.wro.nsn-rdnet.net/api/v1/system_memory_usages/3070/?format=csv
2017-09-04T18:50:12Z,25649152,226930688,56421376,62332928,2092617728,MRBTS-101056,testline,1243062,http://dev3.scout.wro.nsn-rdnet.net/api/v1/system_memory_usages/3073/?format=csv
2017-09-04T19:05:12Z,26079232,226938880,56562688,62148608,2093961216,MRBTS-101056,testline,1243962,http://dev3.scout.wro.nsn-rdnet.net/api/v1/system_memory_usages/3076/?format=csv
2017-09-04T19:20:12Z,23539712,226947072,56501248,62849024,2091474944,MRBTS-101056,testline,1244862,http://dev3.scout.wro.nsn-rdnet.net/api/v1/system_memory_usages/3079/?format=csv
2017-09-04T19:35:12Z,24027136,226963456,56651776,62795776,2093600768,MRBTS-101056,testline,1245762,http://dev3.scout.wro.nsn-rdnet.net/api/v1/system_memory_usages/3083/?format=csv
2017-09-04T19:50:12Z,24481792,226967552,56652800,62709760,2092335104,MRBTS-101056,testline,1246662,http://dev3.scout.wro.nsn-rdnet.net/api/v1/system_memory_usages/3086/?format=csv
2017-09-04T20:05:12Z,24854528,226930688,56912896,62619648,2091638784,MRBTS-101056,testline,1247562,http://dev3.scout.wro.nsn-rdnet.net/api/v1/system_memory_usages/3087/?format=csv
2017-09-04T20:20:12Z,25350144,226934784,56607744,62906368,2094100480,MRBTS-101056,testline,1248462,http://dev3.scout.wro.nsn-rdnet.net/api/v1/system_memory_usages/3090/?format=csv
2017-09-04T20:35:12Z,25792512,226942976,56776704,63217664,2092138496,MRBTS-101056,testline,1249362,http://dev3.scout.wro.nsn-rdnet.net/api/v1/system_memory_usages/3093/?format=csv
2017-09-04T20:50:12Z,23289856,226955264,56940544,62898176,2089865216,MRBTS-101056,testline,1250262,http://dev3.scout.wro.nsn-rdnet.net/api/v1/system_memory_usages/3096/?format=csv
2017-09-04T21:05:12Z,23662592,226959360,56829952,62750720,2091102208,MRBTS-101056,testline,1251162,http://dev3.scout.wro.nsn-rdnet.net/api/v1/system_memory_usages/3100/?format=csv
2017-09-04T21:20:12Z,24158208,226975744,56817664,62681088,2091569152,MRBTS-101056,testline,1252062,http://dev3.scout.wro.nsn-rdnet.net/api/v1/system_memory_usages/3104/?format=csv
2017-09-04T21:35:12Z,24596480,226979840,56845312,62607360,2092412928,MRBTS-101056,testline,1252962,http://dev3.scout.wro.nsn-rdnet.net/api/v1/system_memory_usages/3107/?format=csv
2017-09-04T21:50:12Z,25100288,226996224,56997888,62914560,2092371968,MRBTS-101056,testline,1253862,http://dev3.scout.wro.nsn-rdnet.net/api/v1/system_memory_usages/3110/?format=csv
2017-09-04T22:05:12Z,25489408,227008512,57172992,62332928,2092773376,MRBTS-101056,testline,1254762,http://dev3.scout.wro.nsn-rdnet.net/api/v1/system_memory_usages/3112/?format=csv
2017-09-04T22:20:12Z,25931776,227012608,57325568,62935040,2092703744,MRBTS-101056,testline,1255662,http://dev3.scout.wro.nsn-rdnet.net/api/v1/system_memory_usages/3114/?format=csv
2017-09-04T22:35:12Z,23437312,227028992,57204736,62562304,2091155456,MRBTS-101056,testline,1256562,http://dev3.scout.wro.nsn-rdnet.net/api/v1/system_memory_usages/3117/?format=csv
2017-09-04T22:50:12Z,23883776,227033088,57095168,62468096,2091614208,MRBTS-101056,testline,1257462,http://dev3.scout.wro.nsn-rdnet.net/api/v1/system_memory_usages/3121/?format=csv
2017-09-04T23:05:12Z,24297472,227041280,57281536,62550016,2092941312,MRBTS-101056,testline,1258362,http://dev3.scout.wro.nsn-rdnet.net/api/v1/system_memory_usages/3125/?format=csv
2017-09-04T23:20:12Z,24739840,227045376,57388032,62816256,2092556288,MRBTS-101056,testline,1259262,http://dev3.scout.wro.nsn-rdnet.net/api/v1/system_memory_usages/3128/?format=csv
2017-09-04T23:35:12Z,25239552,227053568,57521152,63176704,2091892736,MRBTS-101056,testline,1260162,http://dev3.scout.wro.nsn-rdnet.net/api/v1/system_memory_usages/3131/?format=csv
2017-09-04T23:50:12Z,25690112,227012608,57377792,62328832,2094772224,MRBTS-101056,testline,1261062,http://dev3.scout.wro.nsn-rdnet.net/api/v1/system_memory_usages/3134/?format=csv
2017-09-05T00:05:12Z,23056384,226435072,57440256,62689280,2089115648,MRBTS-101056,testline,1261962,http://dev3.scout.wro.nsn-rdnet.net/api/v1/system_memory_usages/3135/?format=csv
2017-09-05T00:20:12Z,23556096,226443264,57509888,62738432,2091679744,MRBTS-101056,testline,1262862,http://dev3.scout.wro.nsn-rdnet.net/api/v1/system_memory_usages/3138/?format=csv
2017-09-05T00:35:12Z,24006656,226451456,57703424,62709760,2092654592,MRBTS-101056,testline,1263762,http://dev3.scout.wro.nsn-rdnet.net/api/v1/system_memory_usages/3141/?format=csv
2017-09-05T00:50:12Z,24494080,226459648,57935872,62787584,2094997504,MRBTS-101056,testline,1264662,http://dev3.scout.wro.nsn-rdnet.net/api/v1/system_memory_usages/3145/?format=csv
2017-09-05T01:05:12Z,24866816,226471936,57703424,62844928,2093903872,MRBTS-101056,testline,1265562,http://dev3.scout.wro.nsn-rdnet.net/api/v1/system_memory_usages/3149/?format=csv
2017-09-05T01:20:12Z,25366528,226484224,57631744,63062016,2093146112,MRBTS-101056,testline,1266462,http://dev3.scout.wro.nsn-rdnet.net/api/v1/system_memory_usages/3152/?format=csv
2017-09-05T01:35:12Z,25808896,226496512,57794560,62844928,2093158400,MRBTS-101056,testline,1267362,http://dev3.scout.wro.nsn-rdnet.net/api/v1/system_memory_usages/3154/?format=csv
2017-09-05T01:50:12Z,23298048,226500608,57929728,62459904,2090704896,MRBTS-101056,testline,1268262,http://dev3.scout.wro.nsn-rdnet.net/api/v1/system_memory_usages/3158/?format=csv
2017-09-05T02:05:12Z,23670784,226508800,58077184,62775296,2092388352,MRBTS-101056,testline,1269162,http://dev3.scout.wro.nsn-rdnet.net/api/v1/system_memory_usages/3159/?format=csv
2017-09-05T02:20:12Z,24125440,226525184,58170368,62599168,2091810816,MRBTS-101056,testline,1270062,http://dev3.scout.wro.nsn-rdnet.net/api/v1/system_memory_usages/3162/?format=csv
2017-09-05T02:35:12Z,24621056,226537472,55252992,62926848,2092646400,MRBTS-101056,testline,1270962,http://dev3.scout.wro.nsn-rdnet.net/api/v1/system_memory_usages/3166/?format=csv
2017-09-05T02:50:12Z,25063424,226545664,55237632,62640128,2093211648,MRBTS-101056,testline,1271862,http://dev3.scout.wro.nsn-rdnet.net/api/v1/system_memory_usages/3169/?format=csv
2017-09-05T03:05:12Z,25497600,226553856,55427072,62504960,2092642304,MRBTS-101056,testline,1272762,http://dev3.scout.wro.nsn-rdnet.net/api/v1/system_memory_usages/3171/?format=csv
2017-09-05T03:20:12Z,25944064,226562048,55099392,62922752,2094665728,MRBTS-101056,testline,1273662,http://dev3.scout.wro.nsn-rdnet.net/api/v1/system_memory_usages/3175/?format=csv
2017-09-05T03:35:12Z,23433216,226574336,55263232,62722048,2092847104,MRBTS-101056,testline,1274562,http://dev3.scout.wro.nsn-rdnet.net/api/v1/system_memory_usages/3179/?format=csv
2017-09-05T03:50:12Z,23875584,226525184,55246848,62889984,2091462656,MRBTS-101056,testline,1275462,http://dev3.scout.wro.nsn-rdnet.net/api/v1/system_memory_usages/3182/?format=csv
2017-09-05T04:05:12Z,24260608,226533376,55407616,63225856,2092081152,MRBTS-101056,testline,1276362,http://dev3.scout.wro.nsn-rdnet.net/api/v1/system_memory_usages/3184/?format=csv
2017-09-05T04:20:12Z,24760320,226541568,55454720,63246336,2092511232,MRBTS-101056,testline,1277262,http://dev3.scout.wro.nsn-rdnet.net/api/v1/system_memory_usages/3187/?format=csv
2017-09-05T04:35:12Z,25190400,226549760,55619584,63152128,2094460928,MRBTS-101056,testline,1278162,http://dev3.scout.wro.nsn-rdnet.net/api/v1/system_memory_usages/3190/?format=csv
2017-09-05T04:50:12Z,25681920,226562048,55792640,62656512,2094190592,MRBTS-101056,testline,1279062,http://dev3.scout.wro.nsn-rdnet.net/api/v1/system_memory_usages/3193/?format=csv
2017-09-05T05:05:12Z,23060480,226574336,55824384,62287872,2090405888,MRBTS-101056,testline,1279962,http://dev3.scout.wro.nsn-rdnet.net/api/v1/system_memory_usages/3197/?format=csv
2017-09-05T05:20:12Z,23564288,226590720,55911424,62533632,2091528192,MRBTS-101056,testline,1280862,http://dev3.scout.wro.nsn-rdnet.net/api/v1/system_memory_usages/3200/?format=csv
2017-09-05T05:35:12Z,23994368,226594816,56227840,62615552,2092142592,MRBTS-101056,testline,1281762,http://dev3.scout.wro.nsn-rdnet.net/api/v1/system_memory_usages/3202/?format=csv
2017-09-05T05:50:12Z,24449024,226603008,55819264,62828544,2092060672,MRBTS-101056,testline,1282662,http://dev3.scout.wro.nsn-rdnet.net/api/v1/system_memory_usages/3206/?format=csv
2017-09-05T06:05:12Z,24875008,226611200,55994368,62468096,2090995712,MRBTS-101056,testline,1283562,http://dev3.scout.wro.nsn-rdnet.net/api/v1/system_memory_usages/3207/?format=csv
2017-09-05T06:20:12Z,25305088,226619392,55911424,62799872,2093727744,MRBTS-101056,testline,1284462,http://dev3.scout.wro.nsn-rdnet.net/api/v1/system_memory_usages/3210/?format=csv
2017-09-05T06:35:12Z,25812992,226631680,55939072,62541824,2094706688,MRBTS-101056,testline,1285362,http://dev3.scout.wro.nsn-rdnet.net/api/v1/system_memory_usages/3214/?format=csv
2017-09-05T06:50:12Z,23248896,226635776,56037376,62697472,2091487232,MRBTS-101056,testline,1286262,http://dev3.scout.wro.nsn-rdnet.net/api/v1/system_memory_usages/3217/?format=csv
2017-09-05T07:05:12Z,23707648,226648064,56265728,62697472,2090958848,MRBTS-101056,testline,1287162,http://dev3.scout.wro.nsn-rdnet.net/api/v1/system_memory_usages/3220/?format=csv
2017-09-05T07:20:12Z,24145920,226611200,56273920,62902272,2091859968,MRBTS-101056,testline,1288062,http://dev3.scout.wro.nsn-rdnet.net/api/v1/system_memory_usages/3222/?format=csv
2017-09-05T07:35:12Z,24592384,226615296,56322048,62566400,2090586112,MRBTS-101056,testline,1288962,http://dev3.scout.wro.nsn-rdnet.net/api/v1/system_memory_usages/3227/?format=csv
2017-09-05T07:50:12Z,25100288,226627584,56444928,62808064,2093301760,MRBTS-101056,testline,1289862,http://dev3.scout.wro.nsn-rdnet.net/api/v1/system_memory_usages/3230/?format=csv
2017-09-05T08:05:12Z,25493504,226631680,56312832,62824448,2095349760,MRBTS-101056,testline,1290762,http://dev3.scout.wro.nsn-rdnet.net/api/v1/system_memory_usages/3231/?format=csv
2017-09-05T08:20:12Z,25976832,226643968,56422400,62881792,2094100480,MRBTS-101056,testline,1291662,http://dev3.scout.wro.nsn-rdnet.net/api/v1/system_memory_usages/3234/?format=csv
2017-09-05T08:35:12Z,23429120,226652160,56393728,62902272,2092994560,MRBTS-101056,testline,1292562,http://dev3.scout.wro.nsn-rdnet.net/api/v1/system_memory_usages/3239/?format=csv
2017-09-05T08:50:12Z,23928832,226664448,56374272,63176704,2092281856,MRBTS-101056,testline,1293462,http://dev3.scout.wro.nsn-rdnet.net/api/v1/system_memory_usages/3241/?format=csv
2017-09-05T09:05:12Z,24309760,226676736,56562688,63217664,2093621248,MRBTS-101056,testline,1294362,http://dev3.scout.wro.nsn-rdnet.net/api/v1/system_memory_usages/3244/?format=csv
2017-09-05T09:20:12Z,24817664,226684928,56589312,63545344,2093154304,MRBTS-101056,testline,1295262,http://dev3.scout.wro.nsn-rdnet.net/api/v1/system_memory_usages/3248/?format=csv
2017-09-05T09:35:13Z,25268224,226709504,56482816,63340544,2094301184,MRBTS-101056,testline,1296163,http://dev3.scout.wro.nsn-rdnet.net/api/v1/system_memory_usages/3251/?format=csv
2017-09-05T09:50:12Z,25731072,226713600,56439808,63213568,2093019136,MRBTS-101056,testline,1297062,http://dev3.scout.wro.nsn-rdnet.net/api/v1/system_memory_usages/3254/?format=csv
2017-09-05T10:05:12Z,23158784,226725888,56612864,63221760,2089943040,MRBTS-101056,testline,1297962,http://dev3.scout.wro.nsn-rdnet.net/api/v1/system_memory_usages/3255/?format=csv
2017-09-05T10:20:12Z,23609344,226729984,56683520,62844928,2089771008,MRBTS-101056,testline,1298862,http://dev3.scout.wro.nsn-rdnet.net/api/v1/system_memory_usages/3259/?format=csv
2017-09-05T10:35:12Z,24104960,226734080,56654848,62971904,2090717184,MRBTS-101056,testline,1299762,http://dev3.scout.wro.nsn-rdnet.net/api/v1/system_memory_usages/3261/?format=csv
2017-09-05T10:50:12Z,24543232,226701312,56518656,63008768,2093969408,MRBTS-101056,testline,1300662,http://dev3.scout.wro.nsn-rdnet.net/api/v1/system_memory_usages/3265/?format=csv
2017-09-05T11:05:12Z,24993792,226705408,56561664,62840832,2093592576,MRBTS-101056,testline,1301562,http://dev3.scout.wro.nsn-rdnet.net/api/v1/system_memory_usages/3268/?format=csv
2017-09-05T11:20:12Z,25432064,226717696,56577024,62951424,2092638208,MRBTS-101056,testline,1302462,http://dev3.scout.wro.nsn-rdnet.net/api/v1/system_memory_usages/3272/?format=csv
2017-09-05T11:35:12Z,25870336,226721792,56643584,62427136,2093596672,MRBTS-101056,testline,1303362,http://dev3.scout.wro.nsn-rdnet.net/api/v1/system_memory_usages/3275/?format=csv
2017-09-05T11:50:12Z,23355392,226734080,56881152,62926848,2090635264,MRBTS-101056,testline,1304262,http://dev3.scout.wro.nsn-rdnet.net/api/v1/system_memory_usages/3278/?format=csv
2017-09-05T12:05:12Z,23756800,226738176,56800256,62607360,2089734144,MRBTS-101056,testline,1305162,http://dev3.scout.wro.nsn-rdnet.net/api/v1/system_memory_usages/3279/?format=csv
2017-09-05T12:20:12Z,24256512,226754560,56973312,62492672,2089701376,MRBTS-101056,testline,1306062,http://dev3.scout.wro.nsn-rdnet.net/api/v1/system_memory_usages/3282/?format=csv
2017-09-05T12:35:12Z,24694784,226762752,57117696,62464000,2091503616,MRBTS-101056,testline,1306962,http://dev3.scout.wro.nsn-rdnet.net/api/v1/system_memory_usages/3285/?format=csv
2017-09-05T12:50:12Z,25186304,226775040,56937472,62869504,2092802048,MRBTS-101056,testline,1307862,http://dev3.scout.wro.nsn-rdnet.net/api/v1/system_memory_usages/3288/?format=csv
2017-09-05T13:05:12Z,25575424,226783232,57071616,62861312,2093404160,MRBTS-101056,testline,1308762,http://dev3.scout.wro.nsn-rdnet.net/api/v1/system_memory_usages/3292/?format=csv
2017-09-05T13:20:12Z,23019520,226791424,57205760,62951424,2089033728,MRBTS-101056,testline,1309662,http://dev3.scout.wro.nsn-rdnet.net/api/v1/system_memory_usages/3295/?format=csv
2017-09-05T13:35:12Z,23502848,226803712,57254912,62963712,2091528192,MRBTS-101056,testline,1310562,http://dev3.scout.wro.nsn-rdnet.net/api/v1/system_memory_usages/3299/?format=csv
2017-09-05T13:50:12Z,23945216,226811904,57139200,62574592,2091458560,MRBTS-101056,testline,1311462,http://dev3.scout.wro.nsn-rdnet.net/api/v1/system_memory_usages/3301/?format=csv
2017-09-05T14:05:12Z,24383488,226816000,57044992,62369792,2090360832,MRBTS-101056,testline,1312362,http://dev3.scout.wro.nsn-rdnet.net/api/v1/system_memory_usages/3303/?format=csv
2017-09-05T14:20:12Z,24813568,226828288,57299968,62308352,2090545152,MRBTS-101056,testline,1313262,http://dev3.scout.wro.nsn-rdnet.net/api/v1/system_memory_usages/3307/?format=csv
2017-09-05T14:35:12Z,25309184,226832384,57522176,62853120,2092908544,MRBTS-101056,testline,1314162,http://dev3.scout.wro.nsn-rdnet.net/api/v1/system_memory_usages/3310/?format=csv
2017-09-05T14:50:12Z,25747456,226844672,57509888,62320640,2092781568,MRBTS-101056,testline,1315062,http://dev3.scout.wro.nsn-rdnet.net/api/v1/system_memory_usages/3314/?format=csv
2017-09-05T15:05:12Z,23187456,226803712,57494528,62160896,2089066496,MRBTS-101056,testline,1315962,http://dev3.scout.wro.nsn-rdnet.net/api/v1/system_memory_usages/3317/?format=csv
2017-09-05T15:20:12Z,23621632,226811904,57401344,62586880,2089766912,MRBTS-101056,testline,1316862,http://dev3.scout.wro.nsn-rdnet.net/api/v1/system_memory_usages/3320/?format=csv
2017-09-05T15:35:12Z,24064000,226820096,57545728,62369792,2091204608,MRBTS-101056,testline,1317762,http://dev3.scout.wro.nsn-rdnet.net/api/v1/system_memory_usages/3322/?format=csv
2017-09-05T15:50:12Z,24567808,226824192,57806848,61968384,2089758720,MRBTS-101056,testline,1318662,http://dev3.scout.wro.nsn-rdnet.net/api/v1/system_memory_usages/3326/?format=csv
2017-09-05T16:05:12Z,24969216,226836480,57692160,62353408,2091659264,MRBTS-101056,testline,1319562,http://dev3.scout.wro.nsn-rdnet.net/api/v1/system_memory_usages/3327/?format=csv
2017-09-05T16:20:12Z,25464832,226840576,57860096,62955520,2093920256,MRBTS-101056,testline,1320462,http://dev3.scout.wro.nsn-rdnet.net/api/v1/system_memory_usages/3330/?format=csv
2017-09-05T16:35:12Z,25923584,226856960,58036224,62967808,2093584384,MRBTS-101056,testline,1321362,http://dev3.scout.wro.nsn-rdnet.net/api/v1/system_memory_usages/3334/?format=csv
2017-09-05T16:50:12Z,23420928,226861056,57913344,62640128,2090549248,MRBTS-101056,testline,1322262,http://dev3.scout.wro.nsn-rdnet.net/api/v1/system_memory_usages/3336/?format=csv
2017-09-05T17:05:12Z,23793664,226877440,57928704,62484480,2088734720,MRBTS-101056,testline,1323162,http://dev3.scout.wro.nsn-rdnet.net/api/v1/system_memory_usages/3339/?format=csv
2017-09-05T17:20:12Z,24240128,226885632,57886720,62681088,2089127936,MRBTS-101056,testline,1324062,http://dev3.scout.wro.nsn-rdnet.net/api/v1/system_memory_usages/3343/?format=csv
2017-09-05T17:35:12Z,24739840,226893824,57973760,63299584,2090147840,MRBTS-101056,testline,1324962,http://dev3.scout.wro.nsn-rdnet.net/api/v1/system_memory_usages/3346/?format=csv
2017-09-05T17:50:12Z,25190400,226902016,58108928,63254528,2092285952,MRBTS-101056,testline,1325862,http://dev3.scout.wro.nsn-rdnet.net/api/v1/system_memory_usages/3350/?format=csv
2017-09-05T18:05:12Z,25620480,226914304,58029056,63397888,2093846528,MRBTS-101056,testline,1326762,http://dev3.scout.wro.nsn-rdnet.net/api/v1/system_memory_usages/3351/?format=csv
2017-09-05T18:20:12Z,23052288,226922496,58029056,62951424,2090176512,MRBTS-101056,testline,1327662,http://dev3.scout.wro.nsn-rdnet.net/api/v1/system_memory_usages/3354/?format=csv
2017-09-05T18:35:12Z,23556096,226930688,58047488,62812160,2091167744,MRBTS-101056,testline,1328562,http://dev3.scout.wro.nsn-rdnet.net/api/v1/system_memory_usages/3358/?format=csv
2017-09-05T18:50:12Z,23998464,226930688,58228736,63078400,2090008576,MRBTS-101056,testline,1329462,http://dev3.scout.wro.nsn-rdnet.net/api/v1/system_memory_usages/3361/?format=csv
2017-09-05T19:05:12Z,24444928,226942976,58292224,63012864,2090844160,MRBTS-101056,testline,1330362,http://dev3.scout.wro.nsn-rdnet.net/api/v1/system_memory_usages/3365/?format=csv
2017-09-05T19:20:12Z,24887296,226955264,55512064,62935040,2091261952,MRBTS-101056,testline,1331262,http://dev3.scout.wro.nsn-rdnet.net/api/v1/system_memory_usages/3368/?format=csv
2017-09-05T19:35:12Z,25337856,226914304,55431168,62701568,2091618304,MRBTS-101056,testline,1332162,http://dev3.scout.wro.nsn-rdnet.net/api/v1/system_memory_usages/3370/?format=csv
2017-09-05T19:50:12Z,25829376,226918400,55449600,62832640,2092748800,MRBTS-101056,testline,1333062,http://dev3.scout.wro.nsn-rdnet.net/api/v1/system_memory_usages/3374/?format=csv
2017-09-05T20:05:12Z,23224320,226930688,55224320,63217664,2089070592,MRBTS-101056,testline,1333962,http://dev3.scout.wro.nsn-rdnet.net/api/v1/system_memory_usages/3375/?format=csv
2017-09-05T20:20:12Z,23719936,226938880,55232512,63352832,2090680320,MRBTS-101056,testline,1334862,http://dev3.scout.wro.nsn-rdnet.net/api/v1/system_memory_usages/3378/?format=csv
2017-09-05T20:35:12Z,24166400,226942976,55588864,63045632,2091409408,MRBTS-101056,testline,1335762,http://dev3.scout.wro.nsn-rdnet.net/api/v1/system_memory_usages/3381/?format=csv
2017-09-05T20:50:12Z,24645632,226955264,55707648,63062016,2091515904,MRBTS-101056,testline,1336662,http://dev3.scout.wro.nsn-rdnet.net/api/v1/system_memory_usages/3385/?format=csv
2017-09-05T21:05:12Z,25038848,226963456,55600128,63082496,2092044288,MRBTS-101056,testline,1337562,http://dev3.scout.wro.nsn-rdnet.net/api/v1/system_memory_usages/3389/?format=csv
2017-09-05T21:20:12Z,25481216,226971648,55756800,62947328,2093277184,MRBTS-101056,testline,1338462,http://dev3.scout.wro.nsn-rdnet.net/api/v1/system_memory_usages/3391/?format=csv
2017-09-05T21:35:12Z,25976832,226983936,55906304,62996480,2093539328,MRBTS-101056,testline,1339362,http://dev3.scout.wro.nsn-rdnet.net/api/v1/system_memory_usages/3394/?format=csv
2017-09-05T21:50:12Z,23412736,226996224,56140800,63221760,2090479616,MRBTS-101056,testline,1340262,http://dev3.scout.wro.nsn-rdnet.net/api/v1/system_memory_usages/3398/?format=csv
2017-09-05T22:05:12Z,23859200,227004416,56016896,63254528,2090532864,MRBTS-101056,testline,1341162,http://dev3.scout.wro.nsn-rdnet.net/api/v1/system_memory_usages/3399/?format=csv
2017-09-05T22:20:12Z,24305664,227008512,55950336,62353408,2089451520,MRBTS-101056,testline,1342062,http://dev3.scout.wro.nsn-rdnet.net/api/v1/system_memory_usages/3402/?format=csv
2017-09-05T22:35:12Z,24801280,227024896,55879680,62836736,2091110400,MRBTS-101056,testline,1342962,http://dev3.scout.wro.nsn-rdnet.net/api/v1/system_memory_usages/3405/?format=csv
2017-09-05T22:50:12Z,25227264,227028992,55869440,62894080,2092220416,MRBTS-101056,testline,1343862,http://dev3.scout.wro.nsn-rdnet.net/api/v1/system_memory_usages/3409/?format=csv
2017-09-05T23:05:12Z,25632768,227037184,55889920,62967808,2093346816,MRBTS-101056,testline,1344762,http://dev3.scout.wro.nsn-rdnet.net/api/v1/system_memory_usages/3411/?format=csv
2017-09-05T23:20:12Z,23130112,227041280,55896064,63025152,2089517056,MRBTS-101056,testline,1345662,http://dev3.scout.wro.nsn-rdnet.net/api/v1/system_memory_usages/3415/?format=csv
2017-09-05T23:35:12Z,23580672,227049472,56268800,63242240,2090602496,MRBTS-101056,testline,1346562,http://dev3.scout.wro.nsn-rdnet.net/api/v1/system_memory_usages/3419/?format=csv
2017-09-05T23:50:12Z,24068096,227012608,56383488,62828544,2091483136,MRBTS-101056,testline,1347462,http://dev3.scout.wro.nsn-rdnet.net/api/v1/system_memory_usages/3422/?format=csv
2017-09-06T00:05:12Z,24461312,226435072,56354816,62820352,2090868736,MRBTS-101056,testline,1348362,http://dev3.scout.wro.nsn-rdnet.net/api/v1/system_memory_usages/3423/?format=csv
2017-09-06T00:20:12Z,24956928,226443264,56664064,62902272,2091499520,MRBTS-101056,testline,1349262,http://dev3.scout.wro.nsn-rdnet.net/api/v1/system_memory_usages/3428/?format=csv
2017-09-06T00:35:12Z,25391104,226451456,56696832,62963712,2092597248,MRBTS-101056,testline,1350162,http://dev3.scout.wro.nsn-rdnet.net/api/v1/system_memory_usages/3430/?format=csv
2017-09-06T00:50:12Z,25886720,226459648,56505344,62599168,2093101056,MRBTS-101056,testline,1351062,http://dev3.scout.wro.nsn-rdnet.net/api/v1/system_memory_usages/3433/?format=csv
2017-09-06T01:05:12Z,23281664,226463744,56527872,62971904,2091393024,MRBTS-101056,testline,1351962,http://dev3.scout.wro.nsn-rdnet.net/api/v1/system_memory_usages/3437/?format=csv
2017-09-06T01:20:12Z,23719936,226484224,56581120,62889984,2091098112,MRBTS-101056,testline,1352862,http://dev3.scout.wro.nsn-rdnet.net/api/v1/system_memory_usages/3440/?format=csv
2017-09-06T01:35:12Z,24215552,226488320,56480768,62603264,2091749376,MRBTS-101056,testline,1353762,http://dev3.scout.wro.nsn-rdnet.net/api/v1/system_memory_usages/3443/?format=csv
2017-09-06T01:50:12Z,24657920,226500608,56600576,62496768,2093056000,MRBTS-101056,testline,1354662,http://dev3.scout.wro.nsn-rdnet.net/api/v1/system_memory_usages/3445/?format=csv
2017-09-06T02:05:12Z,25104384,226504704,56596480,62930944,2091503616,MRBTS-101056,testline,1355562,http://dev3.scout.wro.nsn-rdnet.net/api/v1/system_memory_usages/3447/?format=csv
2017-09-06T02:20:12Z,25534464,226521088,56759296,62902272,2092470272,MRBTS-101056,testline,1356462,http://dev3.scout.wro.nsn-rdnet.net/api/v1/system_memory_usages/3450/?format=csv
2017-09-06T02:35:12Z,26038272,226529280,56956928,62685184,2093928448,MRBTS-101056,testline,1357362,http://dev3.scout.wro.nsn-rdnet.net/api/v1/system_memory_usages/3453/?format=csv
2017-09-06T02:50:12Z,23478272,226541568,57117696,62103552,2090213376,MRBTS-101056,testline,1358262,http://dev3.scout.wro.nsn-rdnet.net/api/v1/system_memory_usages/3457/?format=csv
2017-09-06T03:05:12Z,23879680,226549760,56758272,62447616,2089226240,MRBTS-101056,testline,1359162,http://dev3.scout.wro.nsn-rdnet.net/api/v1/system_memory_usages/3459/?format=csv
2017-09-06T03:20:12Z,24363008,226557952,57040896,62124032,2091081728,MRBTS-101056,testline,1360062,http://dev3.scout.wro.nsn-rdnet.net/api/v1/system_memory_usages/3462/?format=csv
2017-09-06T03:35:12Z,24805376,226566144,57206784,62324736,2090917888,MRBTS-101056,testline,1360962,http://dev3.scout.wro.nsn-rdnet.net/api/v1/system_memory_usages/3466/?format=csv
2017-09-06T03:50:12Z,25300992,226574336,57234432,62451712,2092314624,MRBTS-101056,testline,1361862,http://dev3.scout.wro.nsn-rdnet.net/api/v1/system_memory_usages/3470/?format=csv
2017-09-06T04:05:12Z,25681920,226578432,57248768,62566400,2092826624,MRBTS-101056,testline,1362762,http://dev3.scout.wro.nsn-rdnet.net/api/v1/system_memory_usages/3471/?format=csv
2017-09-06T04:20:12Z,23179264,226537472,57273344,62685184,2091372544,MRBTS-101056,testline,1363662,http://dev3.scout.wro.nsn-rdnet.net/api/v1/system_memory_usages/3475/?format=csv
2017-09-06T04:35:12Z,23625728,226541568,57238528,62652416,2090573824,MRBTS-101056,testline,1364562,http://dev3.scout.wro.nsn-rdnet.net/api/v1/system_memory_usages/3478/?format=csv
2017-09-06T04:50:12Z,24064000,226557952,57370624,62615552,2092236800,MRBTS-101056,testline,1365462,http://dev3.scout.wro.nsn-rdnet.net/api/v1/system_memory_usages/3481/?format=csv
2017-09-06T05:05:12Z,24498176,226562048,57444352,62193664,2092134400,MRBTS-101056,testline,1366362,http://dev3.scout.wro.nsn-rdnet.net/api/v1/system_memory_usages/3485/?format=csv
2017-09-06T05:20:12Z,24944640,226574336,57390080,62496768,2089447424,MRBTS-101056,testline,1367262,http://dev3.scout.wro.nsn-rdnet.net/api/v1/system_memory_usages/3488/?format=csv
2017-09-06T05:35:12Z,25444352,226578432,57489408,62611456,2091253760,MRBTS-101056,testline,1368162,http://dev3.scout.wro.nsn-rdnet.net/api/v1/system_memory_usages/3491/?format=csv
2017-09-06T05:50:12Z,25890816,226590720,57669632,62271488,2092068864,MRBTS-101056,testline,1369062,http://dev3.scout.wro.nsn-rdnet.net/api/v1/system_memory_usages/3494/?format=csv
2017-09-06T06:05:12Z,23322624,226594816,57559040,62472192,2088452096,MRBTS-101056,testline,1369962,http://dev3.scout.wro.nsn-rdnet.net/api/v1/system_memory_usages/3496/?format=csv
2017-09-06T06:20:12Z,23769088,226607104,57697280,62767104,2089287680,MRBTS-101056,testline,1370862,http://dev3.scout.wro.nsn-rdnet.net/api/v1/system_memory_usages/3499/?format=csv
2017-09-06T06:35:12Z,24215552,226615296,57879552,62427136,2091397120,MRBTS-101056,testline,1371762,http://dev3.scout.wro.nsn-rdnet.net/api/v1/system_memory_usages/3501/?format=csv
2017-09-06T06:50:12Z,24690688,226623488,57922560,62382080,2091634688,MRBTS-101056,testline,1372662,http://dev3.scout.wro.nsn-rdnet.net/api/v1/system_memory_usages/3504/?format=csv
2017-09-06T07:05:12Z,25092096,226635776,57944064,62517248,2090790912,MRBTS-101056,testline,1373562,http://dev3.scout.wro.nsn-rdnet.net/api/v1/system_memory_usages/3508/?format=csv
2017-09-06T07:20:12Z,25575424,226648064,58226688,63119360,2091839488,MRBTS-101056,testline,1374462,http://dev3.scout.wro.nsn-rdnet.net/api/v1/system_memory_usages/3512/?format=csv
2017-09-06T07:35:12Z,26025984,226652160,58007552,62226432,2094202880,MRBTS-101056,testline,1375362,http://dev3.scout.wro.nsn-rdnet.net/api/v1/system_memory_usages/3515/?format=csv
2017-09-06T07:50:12Z,23506944,226664448,57996288,62562304,2089582592,MRBTS-101056,testline,1376262,http://dev3.scout.wro.nsn-rdnet.net/api/v1/system_memory_usages/3518/?format=csv
2017-09-06T08:05:12Z,23896064,226672640,57933824,62590976,2088108032,MRBTS-101056,testline,1377162,http://dev3.scout.wro.nsn-rdnet.net/api/v1/system_memory_usages/3519/?format=csv
2017-09-06T08:20:12Z,24391680,226684928,58109952,62308352,2091274240,MRBTS-101056,testline,1378062,http://dev3.scout.wro.nsn-rdnet.net/api/v1/system_memory_usages/3523/?format=csv
2017-09-06T08:35:12Z,24834048,226643968,58218496,62496768,2090561536,MRBTS-101056,testline,1378962,http://dev3.scout.wro.nsn-rdnet.net/api/v1/system_memory_usages/3525/?format=csv
2017-09-06T08:50:12Z,25268224,226656256,58394624,62922752,2091286528,MRBTS-101056,testline,1379862,http://dev3.scout.wro.nsn-rdnet.net/api/v1/system_memory_usages/3528/?format=csv
2017-09-06T09:05:12Z,25714688,226664448,58344448,62763008,2091732992,MRBTS-101056,testline,1380762,http://dev3.scout.wro.nsn-rdnet.net/api/v1/system_memory_usages/3532/?format=csv
2017-09-06T09:20:12Z,23162880,226668544,58512384,62742528,2087608320,MRBTS-101056,testline,1381662,http://dev3.scout.wro.nsn-rdnet.net/api/v1/system_memory_usages/3536/?format=csv
2017-09-06T09:35:13Z,23650304,226684928,58452992,62713856,2090160128,MRBTS-101056,testline,1382563,http://dev3.scout.wro.nsn-rdnet.net/api/v1/system_memory_usages/3539/?format=csv
2017-09-06T09:50:12Z,24088576,226697216,58531840,62779392,2089168896,MRBTS-101056,testline,1383462,http://dev3.scout.wro.nsn-rdnet.net/api/v1/system_memory_usages/3542/?format=csv
2017-09-06T10:05:12Z,24547328,226705408,57899008,62648320,2092457984,MRBTS-101056,testline,1384362,http://dev3.scout.wro.nsn-rdnet.net/api/v1/system_memory_usages/3543/?format=csv
2017-09-06T10:20:12Z,24989696,226713600,57930752,62623744,2092158976,MRBTS-101056,testline,1385262,http://dev3.scout.wro.nsn-rdnet.net/api/v1/system_memory_usages/3548/?format=csv
2017-09-06T10:35:12Z,25423872,226717696,58102784,62881792,2090680320,MRBTS-101056,testline,1386162,http://dev3.scout.wro.nsn-rdnet.net/api/v1/system_memory_usages/3551/?format=csv
